-- phpMyAdmin SQL Dump
-- version 5.2.1
-- https://www.phpmyadmin.net/
--
-- Anamakine: 127.0.0.1
-- Üretim Zamanı: 13 Mar 2024, 07:05:20
-- Sunucu sürümü: 10.4.32-MariaDB
-- PHP Sürümü: 8.2.12

SET SQL_MODE = "NO_AUTO_VALUE_ON_ZERO";
START TRANSACTION;
SET time_zone = "+00:00";


/*!40101 SET @OLD_CHARACTER_SET_CLIENT=@@CHARACTER_SET_CLIENT */;
/*!40101 SET @OLD_CHARACTER_SET_RESULTS=@@CHARACTER_SET_RESULTS */;
/*!40101 SET @OLD_COLLATION_CONNECTION=@@COLLATION_CONNECTION */;
/*!40101 SET NAMES utf8mb4 */;

--
-- Veritabanı: `rtvmon`
--

-- --------------------------------------------------------

--
-- Tablo için tablo yapısı `directions`
--

CREATE TABLE `directions` (
  `id` bigint(20) UNSIGNED NOT NULL,
  `name` varchar(255) NOT NULL,
  `status` int(11) NOT NULL DEFAULT 1,
  `deleted_at` timestamp NULL DEFAULT NULL,
  `created_at` timestamp NULL DEFAULT NULL,
  `updated_at` timestamp NULL DEFAULT NULL
) ENGINE=InnoDB DEFAULT CHARSET=utf8mb4 COLLATE=utf8mb4_unicode_ci;

--
-- Tablo döküm verisi `directions`
--

INSERT INTO `directions` (`id`, `name`, `status`, `deleted_at`, `created_at`, `updated_at`) VALUES
(1, 'Teleqüllə', 1, NULL, '2024-03-12 06:43:31', '2024-03-12 06:43:31'),
(2, 'Günəşli', 1, NULL, '2024-03-12 06:43:31', '2024-03-12 06:43:31'),
(3, 'Rusiya', 1, NULL, '2024-03-12 06:43:31', '2024-03-12 06:43:31'),
(4, 'İran', 1, NULL, '2024-03-12 06:43:31', '2024-03-12 06:43:31'),
(5, 'Gürcüstan', 1, NULL, '2024-03-12 06:43:31', '2024-03-12 06:43:31'),
(6, 'Ermənistan', 1, NULL, '2024-03-12 06:43:31', '2024-03-12 06:43:31'),
(7, 'Orta Asiya', 1, NULL, '2024-03-12 06:43:31', '2024-03-12 06:43:31'),
(8, 'Təyin edilməyib', 1, NULL, '2024-03-12 06:43:31', '2024-03-12 06:43:31');

-- --------------------------------------------------------

--
-- Tablo için tablo yapısı `edit_reasons`
--

CREATE TABLE `edit_reasons` (
  `id` bigint(20) UNSIGNED NOT NULL,
  `local_broadcasts_id` bigint(20) UNSIGNED DEFAULT NULL,
  `foreign_broadcasts_id` bigint(20) UNSIGNED DEFAULT NULL,
  `reason` varchar(255) NOT NULL,
  `solved_status` int(11) NOT NULL DEFAULT 0,
  `created_at` timestamp NULL DEFAULT NULL,
  `updated_at` timestamp NULL DEFAULT NULL
) ENGINE=InnoDB DEFAULT CHARSET=utf8mb4 COLLATE=utf8mb4_unicode_ci;

--
-- Tablo döküm verisi `edit_reasons`
--

INSERT INTO `edit_reasons` (`id`, `local_broadcasts_id`, `foreign_broadcasts_id`, `reason`, `solved_status`, `created_at`, `updated_at`) VALUES
(1, 2, NULL, 'test', 0, '2024-03-12 07:03:22', '2024-03-12 07:03:22');

-- --------------------------------------------------------

--
-- Tablo için tablo yapısı `failed_jobs`
--

CREATE TABLE `failed_jobs` (
  `id` bigint(20) UNSIGNED NOT NULL,
  `uuid` varchar(255) NOT NULL,
  `connection` text NOT NULL,
  `queue` text NOT NULL,
  `payload` longtext NOT NULL,
  `exception` longtext NOT NULL,
  `failed_at` timestamp NOT NULL DEFAULT current_timestamp()
) ENGINE=InnoDB DEFAULT CHARSET=utf8mb4 COLLATE=utf8mb4_unicode_ci;

-- --------------------------------------------------------

--
-- Tablo için tablo yapısı `foreign_broadcasts`
--

CREATE TABLE `foreign_broadcasts` (
  `id` bigint(20) UNSIGNED NOT NULL,
  `report_number` varchar(255) NOT NULL,
  `stations_id` bigint(20) UNSIGNED NOT NULL,
  `report_date` date NOT NULL DEFAULT '2024-03-12',
  `frequencies_id` bigint(20) UNSIGNED NOT NULL,
  `program_names_id` bigint(20) UNSIGNED NOT NULL,
  `directions_id` bigint(20) UNSIGNED NOT NULL,
  `program_languages_id` bigint(20) UNSIGNED NOT NULL,
  `program_locations_id` bigint(20) UNSIGNED DEFAULT NULL,
  `emfs_level_in` double(8,2) NOT NULL,
  `emfs_level_out` double(8,2) DEFAULT NULL,
  `response_direction_in` int(11) NOT NULL,
  `response_direction_out` int(11) DEFAULT NULL,
  `polarization` varchar(255) NOT NULL,
  `response_quality` varchar(255) NOT NULL,
  `sending_from` varchar(255) DEFAULT NULL,
  `note` text DEFAULT NULL,
  `device` varchar(255) NOT NULL,
  `accepted_status` int(11) NOT NULL DEFAULT 0,
  `deleted_at` timestamp NULL DEFAULT NULL,
  `created_at` timestamp NULL DEFAULT NULL,
  `updated_at` timestamp NULL DEFAULT NULL
) ENGINE=InnoDB DEFAULT CHARSET=utf8mb4 COLLATE=utf8mb4_unicode_ci;

--
-- Tablo döküm verisi `foreign_broadcasts`
--

INSERT INTO `foreign_broadcasts` (`id`, `report_number`, `stations_id`, `report_date`, `frequencies_id`, `program_names_id`, `directions_id`, `program_languages_id`, `program_locations_id`, `emfs_level_in`, `emfs_level_out`, `response_direction_in`, `response_direction_out`, `polarization`, `response_quality`, `sending_from`, `note`, `device`, `accepted_status`, `deleted_at`, `created_at`, `updated_at`) VALUES
(1, 'FR-618771', 3, '2024-03-12', 4, 3, 4, 2, NULL, 65.50, NULL, 300, NULL, '2', 'Yaxşı', NULL, NULL, 'PR 100', 0, NULL, '2024-03-12 07:02:30', '2024-03-12 07:02:30'),
(2, 'FR-618771', 3, '2024-03-12', 6, 5, 4, 2, NULL, 65.50, 66.50, 120, 300, '2', 'Vurulur', 'Günəşli RTYS daimi vurulur', NULL, 'PR 100', 0, NULL, '2024-03-12 07:02:30', '2024-03-12 07:02:30');

-- --------------------------------------------------------

--
-- Tablo için tablo yapısı `frequencies`
--

CREATE TABLE `frequencies` (
  `id` bigint(20) UNSIGNED NOT NULL,
  `value` double NOT NULL,
  `program_names_id` bigint(20) UNSIGNED NOT NULL,
  `directions_id` bigint(20) UNSIGNED NOT NULL,
  `program_languages_id` bigint(20) UNSIGNED NOT NULL,
  `program_locations_id` bigint(20) UNSIGNED NOT NULL,
  `polarizations_id` bigint(20) UNSIGNED NOT NULL,
  `status` int(11) NOT NULL DEFAULT 1,
  `deleted_at` timestamp NULL DEFAULT NULL,
  `created_at` timestamp NULL DEFAULT NULL,
  `updated_at` timestamp NULL DEFAULT NULL
) ENGINE=InnoDB DEFAULT CHARSET=utf8mb4 COLLATE=utf8mb4_unicode_ci;

--
-- Tablo döküm verisi `frequencies`
--

INSERT INTO `frequencies` (`id`, `value`, `program_names_id`, `directions_id`, `program_languages_id`, `program_locations_id`, `polarizations_id`, `status`, `deleted_at`, `created_at`, `updated_at`) VALUES
(1, 101.3, 1, 1, 8, 1, 2, 1, NULL, '2024-03-12 06:43:35', '2024-03-12 06:43:35'),
(2, 101.3, 1, 1, 8, 1, 2, 1, NULL, '2024-03-12 06:43:35', '2024-03-12 06:43:35'),
(3, 91.9, 2, 4, 2, 1, 2, 1, NULL, '2024-03-12 06:43:35', '2024-03-12 06:43:35'),
(4, 93.9, 3, 4, 2, 1, 2, 1, NULL, '2024-03-12 06:43:35', '2024-03-12 06:43:35'),
(5, 95.9, 4, 4, 2, 1, 2, 1, NULL, '2024-03-12 06:43:35', '2024-03-12 06:43:35'),
(6, 97.9, 5, 4, 2, 1, 2, 1, NULL, '2024-03-12 06:43:35', '2024-03-12 06:43:35'),
(7, 99.3, 1, 2, 8, 1, 2, 1, NULL, '2024-03-12 06:43:35', '2024-03-12 06:43:35'),
(8, 101.3, 1, 1, 8, 1, 2, 1, NULL, '2024-03-12 06:43:35', '2024-03-12 06:43:35'),
(9, 22, 6, 4, 2, 2, 2, 1, NULL, '2024-03-12 06:43:35', '2024-03-12 06:43:35'),
(10, 24, 6, 4, 2, 3, 2, 1, NULL, '2024-03-12 06:43:35', '2024-03-12 06:43:35'),
(11, 26, 6, 4, 2, 3, 2, 1, NULL, '2024-03-12 06:43:35', '2024-03-12 06:43:35'),
(12, 28, 6, 4, 2, 2, 2, 1, NULL, '2024-03-12 06:43:35', '2024-03-12 06:43:35'),
(13, 30, 6, 4, 2, 3, 2, 1, NULL, '2024-03-12 06:43:35', '2024-03-12 06:43:35'),
(14, 32, 19, 4, 2, 3, 2, 1, NULL, '2024-03-12 06:43:35', '2024-03-12 06:43:35'),
(15, 34, 19, 4, 2, 2, 2, 1, NULL, '2024-03-12 06:43:35', '2024-03-12 06:43:35'),
(16, 38, 6, 4, 2, 3, 2, 1, NULL, '2024-03-12 06:43:35', '2024-03-12 06:43:35'),
(17, 40, 6, 4, 2, 2, 2, 1, NULL, '2024-03-12 06:43:35', '2024-03-12 06:43:35'),
(18, 44, 6, 4, 3, 4, 2, 1, NULL, '2024-03-12 06:43:35', '2024-03-12 06:43:35'),
(19, 46, 6, 4, 2, 2, 2, 1, NULL, '2024-03-12 06:43:35', '2024-03-12 06:43:35'),
(20, 47, 6, 4, 2, 5, 2, 1, NULL, '2024-03-12 06:43:35', '2024-03-12 06:43:35'),
(21, 59, 19, 4, 2, 4, 2, 1, NULL, '2024-03-12 06:43:35', '2024-03-12 06:43:35'),
(22, 88.3, 5, 4, 2, 4, 2, 1, NULL, '2024-03-12 06:43:35', '2024-03-12 06:43:35'),
(23, 89, 5, 4, 2, 2, 2, 1, NULL, '2024-03-12 06:43:35', '2024-03-12 06:43:35'),
(24, 90.3, 7, 4, 2, 4, 2, 1, NULL, '2024-03-12 06:43:35', '2024-03-12 06:43:35'),
(25, 90.7, 7, 4, 2, 3, 2, 1, NULL, '2024-03-12 06:43:35', '2024-03-12 06:43:35'),
(26, 91, 7, 4, 2, 2, 2, 1, NULL, '2024-03-12 06:43:35', '2024-03-12 06:43:35'),
(27, 91.8, 2, 4, 2, 5, 2, 1, NULL, '2024-03-12 06:43:35', '2024-03-12 06:43:35'),
(28, 92.3, 2, 4, 2, 6, 2, 1, NULL, '2024-03-12 06:43:35', '2024-03-12 06:43:35'),
(29, 93, 2, 4, 2, 2, 2, 1, NULL, '2024-03-12 06:43:35', '2024-03-12 06:43:35'),
(30, 94.1, 3, 4, 3, 4, 2, 1, NULL, '2024-03-12 06:43:35', '2024-03-12 06:43:35'),
(31, 94.7, 8, 4, 2, 3, 2, 1, NULL, '2024-03-12 06:43:35', '2024-03-12 06:43:35'),
(32, 95, 8, 4, 2, 7, 2, 1, NULL, '2024-03-12 06:43:35', '2024-03-12 06:43:35'),
(33, 95.8, 4, 4, 2, 5, 2, 1, NULL, '2024-03-12 06:43:35', '2024-03-12 06:43:35'),
(34, 96.1, 4, 4, 2, 4, 2, 1, NULL, '2024-03-12 06:43:35', '2024-03-12 06:43:35'),
(35, 97, 4, 4, 2, 7, 2, 1, NULL, '2024-03-12 06:43:35', '2024-03-12 06:43:35'),
(36, 98.3, 9, 4, 2, 4, 2, 1, NULL, '2024-03-12 06:43:35', '2024-03-12 06:43:35'),
(37, 99, 9, 4, 2, 7, 2, 1, NULL, '2024-03-12 06:43:35', '2024-03-12 06:43:35'),
(38, 100.3, 10, 4, 2, 4, 2, 1, NULL, '2024-03-12 06:43:35', '2024-03-12 06:43:35'),
(39, 101, 10, 4, 2, 7, 2, 1, NULL, '2024-03-12 06:43:35', '2024-03-12 06:43:35'),
(40, 101.3, 15, 4, 3, 6, 2, 1, NULL, '2024-03-12 06:43:35', '2024-03-12 06:43:35'),
(41, 102.3, 12, 4, 2, 4, 2, 1, NULL, '2024-03-12 06:43:35', '2024-03-12 06:43:35'),
(42, 103, 12, 4, 2, 7, 2, 1, NULL, '2024-03-12 06:43:35', '2024-03-12 06:43:35'),
(43, 103.8, 13, 4, 2, 5, 2, 1, NULL, '2024-03-12 06:43:35', '2024-03-12 06:43:35'),
(44, 104.3, 13, 4, 2, 8, 2, 1, NULL, '2024-03-12 06:43:35', '2024-03-12 06:43:35'),
(45, 105, 13, 4, 2, 7, 2, 1, NULL, '2024-03-12 06:43:35', '2024-03-12 06:43:35'),
(46, 106.3, 14, 4, 2, 8, 2, 1, NULL, '2024-03-12 06:43:35', '2024-03-12 06:43:35'),
(47, 107, 14, 4, 2, 7, 2, 1, NULL, '2024-03-12 06:43:35', '2024-03-12 06:43:35'),
(48, 21, 6, 4, 2, 9, 2, 1, NULL, '2024-03-12 06:43:35', '2024-03-12 06:43:35'),
(49, 27, 6, 4, 2, 9, 2, 1, NULL, '2024-03-12 06:43:35', '2024-03-12 06:43:35'),
(50, 45, 6, 4, 3, 9, 2, 1, NULL, '2024-03-12 06:43:35', '2024-03-12 06:43:35'),
(51, 88.3, 5, 4, 2, 10, 2, 1, NULL, '2024-03-12 06:43:35', '2024-03-12 06:43:35'),
(52, 89.9, 7, 4, 2, 9, 2, 1, NULL, '2024-03-12 06:43:35', '2024-03-12 06:43:35'),
(53, 91.9, 2, 4, 2, 9, 2, 1, NULL, '2024-03-12 06:43:35', '2024-03-12 06:43:35'),
(54, 93.9, 3, 4, 3, 9, 2, 1, NULL, '2024-03-12 06:43:35', '2024-03-12 06:43:35'),
(55, 95.9, 4, 4, 2, 9, 2, 1, NULL, '2024-03-12 06:43:35', '2024-03-12 06:43:35'),
(56, 97.9, 5, 4, 2, 10, 2, 1, NULL, '2024-03-12 06:43:35', '2024-03-12 06:43:35'),
(57, 99.3, 15, 4, 3, 9, 2, 1, NULL, '2024-03-12 06:43:35', '2024-03-12 06:43:35'),
(58, 99.9, 10, 4, 2, 9, 2, 1, NULL, '2024-03-12 06:43:35', '2024-03-12 06:43:35'),
(59, 101.9, 14, 4, 2, 9, 2, 1, NULL, '2024-03-12 06:43:35', '2024-03-12 06:43:35'),
(60, 103.9, 13, 4, 2, 9, 2, 1, NULL, '2024-03-12 06:43:35', '2024-03-12 06:43:35'),
(61, 22, 16, 5, 5, 1, 2, 1, NULL, '2024-03-12 06:43:35', '2024-03-12 06:43:35'),
(62, 27, 16, 5, 5, 1, 2, 1, NULL, '2024-03-12 06:43:35', '2024-03-12 06:43:35'),
(63, 43, 16, 5, 5, 1, 2, 1, NULL, '2024-03-12 06:43:35', '2024-03-12 06:43:35'),
(64, 47, 16, 5, 5, 1, 2, 1, NULL, '2024-03-12 06:43:35', '2024-03-12 06:43:35'),
(65, 91.1, 17, 5, 5, 11, 2, 1, NULL, '2024-03-12 06:43:35', '2024-03-12 06:43:35'),
(66, 99.1, 17, 5, 5, 12, 2, 1, NULL, '2024-03-12 06:43:35', '2024-03-12 06:43:35'),
(67, 100.3, 18, 5, 5, 13, 2, 1, NULL, '2024-03-12 06:43:35', '2024-03-12 06:43:35'),
(68, 104.7, 18, 5, 5, 14, 2, 1, NULL, '2024-03-12 06:43:35', '2024-03-12 06:43:35'),
(69, 21, 6, 4, 2, 1, 2, 1, NULL, '2024-03-12 06:43:35', '2024-03-12 06:43:35'),
(70, 26, 6, 4, 2, 1, 2, 1, NULL, '2024-03-12 06:43:35', '2024-03-12 06:43:35'),
(71, 27, 6, 4, 2, 1, 2, 1, NULL, '2024-03-12 06:43:35', '2024-03-12 06:43:35'),
(72, 32, 19, 4, 2, 1, 2, 1, NULL, '2024-03-12 06:43:35', '2024-03-12 06:43:35'),
(73, 38, 6, 4, 2, 1, 2, 1, NULL, '2024-03-12 06:43:35', '2024-03-12 06:43:35'),
(74, 44, 6, 4, 2, 1, 2, 1, NULL, '2024-03-12 06:43:35', '2024-03-12 06:43:35'),
(75, 45, 6, 4, 2, 1, 2, 1, NULL, '2024-03-12 06:43:35', '2024-03-12 06:43:35'),
(76, 88.3, 5, 4, 2, 4, 2, 1, NULL, '2024-03-12 06:43:35', '2024-03-12 06:43:35'),
(77, 89.9, 7, 4, 2, 9, 2, 1, NULL, '2024-03-12 06:43:35', '2024-03-12 06:43:35'),
(78, 90.3, 7, 4, 2, 4, 2, 1, NULL, '2024-03-12 06:43:35', '2024-03-12 06:43:35'),
(79, 91.9, 2, 4, 2, 9, 2, 1, NULL, '2024-03-12 06:43:35', '2024-03-12 06:43:35'),
(80, 92.3, 2, 4, 2, 4, 2, 1, NULL, '2024-03-12 06:43:35', '2024-03-12 06:43:35'),
(81, 93.9, 3, 4, 3, 9, 2, 1, NULL, '2024-03-12 06:43:35', '2024-03-12 06:43:35'),
(82, 94.1, 3, 4, 3, 4, 2, 1, NULL, '2024-03-12 06:43:35', '2024-03-12 06:43:35'),
(83, 95.9, 4, 4, 2, 9, 2, 1, NULL, '2024-03-12 06:43:35', '2024-03-12 06:43:35'),
(84, 96.1, 4, 4, 2, 4, 2, 1, NULL, '2024-03-12 06:43:35', '2024-03-12 06:43:35'),
(85, 97.9, 5, 4, 2, 9, 2, 1, NULL, '2024-03-12 06:43:35', '2024-03-12 06:43:35'),
(86, 98.3, 9, 4, 2, 4, 2, 1, NULL, '2024-03-12 06:43:35', '2024-03-12 06:43:35'),
(87, 99.3, 20, 4, 3, 9, 2, 1, NULL, '2024-03-12 06:43:35', '2024-03-12 06:43:35'),
(88, 99.9, 10, 4, 2, 9, 2, 1, NULL, '2024-03-12 06:43:35', '2024-03-12 06:43:35'),
(89, 100.3, 10, 4, 2, 4, 2, 1, NULL, '2024-03-12 06:43:35', '2024-03-12 06:43:35'),
(90, 101.3, 20, 4, 3, 4, 2, 1, NULL, '2024-03-12 06:43:35', '2024-03-12 06:43:35'),
(91, 101.9, 14, 4, 2, 9, 2, 1, NULL, '2024-03-12 06:43:35', '2024-03-12 06:43:35'),
(92, 103.9, 13, 4, 2, 9, 2, 1, NULL, '2024-03-12 06:43:35', '2024-03-12 06:43:35'),
(93, 104.3, 13, 4, 2, 4, 2, 1, NULL, '2024-03-12 06:43:35', '2024-03-12 06:43:35'),
(94, 106.3, 14, 4, 2, 4, 2, 1, NULL, '2024-03-12 06:43:35', '2024-03-12 06:43:35'),
(95, 107, 14, 4, 2, 2, 2, 1, NULL, '2024-03-12 06:43:35', '2024-03-12 06:43:35'),
(96, 21, 19, 5, 5, 15, 2, 1, NULL, '2024-03-12 06:43:35', '2024-03-12 06:43:35'),
(97, 22, 19, 5, 5, 15, 2, 1, NULL, '2024-03-12 06:43:35', '2024-03-12 06:43:35'),
(98, 23, 19, 5, 5, 15, 2, 1, NULL, '2024-03-12 06:43:35', '2024-03-12 06:43:35'),
(99, 26, 19, 5, 5, 15, 2, 1, NULL, '2024-03-12 06:43:35', '2024-03-12 06:43:35'),
(100, 27, 19, 5, 5, 15, 2, 1, NULL, '2024-03-12 06:43:35', '2024-03-12 06:43:35'),
(101, 28, 19, 5, 5, 15, 2, 1, NULL, '2024-03-12 06:43:35', '2024-03-12 06:43:35'),
(102, 30, 19, 5, 5, 15, 2, 1, NULL, '2024-03-12 06:43:35', '2024-03-12 06:43:35'),
(103, 43, 19, 5, 5, 15, 2, 1, NULL, '2024-03-12 06:43:35', '2024-03-12 06:43:35'),
(104, 47, 19, 5, 5, 15, 2, 1, NULL, '2024-03-12 06:43:35', '2024-03-12 06:43:35'),
(105, 91.1, 21, 6, 6, 16, 2, 1, NULL, '2024-03-12 06:43:35', '2024-03-12 06:43:35'),
(106, 92.3, 22, 5, 5, 14, 2, 1, NULL, '2024-03-12 06:43:35', '2024-03-12 06:43:35'),
(107, 93.1, 23, 5, 5, 14, 2, 1, NULL, '2024-03-12 06:43:35', '2024-03-12 06:43:35'),
(108, 93.9, 24, 5, 5, 14, 2, 1, NULL, '2024-03-12 06:43:35', '2024-03-12 06:43:35'),
(109, 95.1, 25, 5, 5, 15, 2, 1, NULL, '2024-03-12 06:43:35', '2024-03-12 06:43:35'),
(110, 95.5, 26, 5, 5, 14, 2, 1, NULL, '2024-03-12 06:43:35', '2024-03-12 06:43:35'),
(111, 95.9, 27, 5, 5, 15, 2, 1, NULL, '2024-03-12 06:43:35', '2024-03-12 06:43:35'),
(112, 96.7, 28, 5, 5, 14, 2, 1, NULL, '2024-03-12 06:43:35', '2024-03-12 06:43:35'),
(113, 97.5, 29, 5, 5, 14, 2, 1, NULL, '2024-03-12 06:43:35', '2024-03-12 06:43:35'),
(114, 97.8, 30, 5, 5, 18, 2, 1, NULL, '2024-03-12 06:43:35', '2024-03-12 06:43:35'),
(115, 98.1, 31, 5, 5, 14, 2, 1, NULL, '2024-03-12 06:43:35', '2024-03-12 06:43:35'),
(116, 98.5, 32, 5, 5, 14, 2, 1, NULL, '2024-03-12 06:43:35', '2024-03-12 06:43:35'),
(117, 98.9, 33, 5, 5, 14, 2, 1, NULL, '2024-03-12 06:43:35', '2024-03-12 06:43:35'),
(118, 99.3, 34, 5, 5, 15, 2, 1, NULL, '2024-03-12 06:43:35', '2024-03-12 06:43:35'),
(119, 99.5, 35, 5, 5, 14, 2, 1, NULL, '2024-03-12 06:43:35', '2024-03-12 06:43:35'),
(120, 99.7, 36, 5, 5, 20, 2, 1, NULL, '2024-03-12 06:43:35', '2024-03-12 06:43:35'),
(121, 100.3, 37, 5, 5, 21, 2, 1, NULL, '2024-03-12 06:43:35', '2024-03-12 06:43:35'),
(122, 100.6, 38, 5, 5, 22, 2, 1, NULL, '2024-03-12 06:43:35', '2024-03-12 06:43:35'),
(123, 100.9, 39, 5, 5, 14, 2, 1, NULL, '2024-03-12 06:43:35', '2024-03-12 06:43:35'),
(124, 101.9, 40, 5, 5, 15, 2, 1, NULL, '2024-03-12 06:43:35', '2024-03-12 06:43:35'),
(125, 102.3, 17, 5, 5, 14, 2, 1, NULL, '2024-03-12 06:43:35', '2024-03-12 06:43:35'),
(126, 103.9, 41, 6, 6, 16, 2, 1, NULL, '2024-03-12 06:43:35', '2024-03-12 06:43:35'),
(127, 104.3, 42, 5, 5, 14, 2, 1, NULL, '2024-03-12 06:43:35', '2024-03-12 06:43:35'),
(128, 104.8, 41, 6, 6, 23, 2, 1, NULL, '2024-03-12 06:43:35', '2024-03-12 06:43:35'),
(129, 105.1, 25, 5, 5, 15, 2, 1, NULL, '2024-03-12 06:43:35', '2024-03-12 06:43:35'),
(130, 105.5, 43, 5, 5, 14, 2, 1, NULL, '2024-03-12 06:43:35', '2024-03-12 06:43:35'),
(131, 105.9, 18, 5, 5, 14, 2, 1, NULL, '2024-03-12 06:43:35', '2024-03-12 06:43:35'),
(132, 106.1, 21, 6, 6, 24, 2, 1, NULL, '2024-03-12 06:43:35', '2024-03-12 06:43:35'),
(133, 106.9, 46, 5, 5, 14, 2, 1, NULL, '2024-03-12 06:43:35', '2024-03-12 06:43:35'),
(134, 101.3, 1, 1, 8, 1, 2, 1, NULL, '2024-03-12 06:44:40', '2024-03-12 06:44:40'),
(135, 101.3, 1, 1, 8, 1, 2, 1, NULL, '2024-03-12 06:44:40', '2024-03-12 06:44:40'),
(136, 91.9, 2, 4, 2, 1, 2, 1, NULL, '2024-03-12 06:44:40', '2024-03-12 06:44:40'),
(137, 93.9, 3, 4, 2, 1, 2, 1, NULL, '2024-03-12 06:44:40', '2024-03-12 06:44:40'),
(138, 95.9, 4, 4, 2, 1, 2, 1, NULL, '2024-03-12 06:44:40', '2024-03-12 06:44:40'),
(139, 97.9, 5, 4, 2, 1, 2, 1, NULL, '2024-03-12 06:44:40', '2024-03-12 06:44:40'),
(140, 99.3, 1, 2, 8, 1, 2, 1, NULL, '2024-03-12 06:44:40', '2024-03-12 06:44:40'),
(141, 101.3, 1, 1, 8, 1, 2, 1, NULL, '2024-03-12 06:44:40', '2024-03-12 06:44:40'),
(142, 22, 6, 4, 2, 2, 2, 1, NULL, '2024-03-12 06:44:40', '2024-03-12 06:44:40'),
(143, 24, 6, 4, 2, 3, 2, 1, NULL, '2024-03-12 06:44:40', '2024-03-12 06:44:40'),
(144, 26, 6, 4, 2, 3, 2, 1, NULL, '2024-03-12 06:44:40', '2024-03-12 06:44:40'),
(145, 28, 6, 4, 2, 2, 2, 1, NULL, '2024-03-12 06:44:40', '2024-03-12 06:44:40'),
(146, 30, 6, 4, 2, 3, 2, 1, NULL, '2024-03-12 06:44:40', '2024-03-12 06:44:40'),
(147, 32, 19, 4, 2, 3, 2, 1, NULL, '2024-03-12 06:44:40', '2024-03-12 06:44:40'),
(148, 34, 19, 4, 2, 2, 2, 1, NULL, '2024-03-12 06:44:40', '2024-03-12 06:44:40'),
(149, 38, 6, 4, 2, 3, 2, 1, NULL, '2024-03-12 06:44:40', '2024-03-12 06:44:40'),
(150, 40, 6, 4, 2, 2, 2, 1, NULL, '2024-03-12 06:44:40', '2024-03-12 06:44:40'),
(151, 44, 6, 4, 3, 4, 2, 1, NULL, '2024-03-12 06:44:40', '2024-03-12 06:44:40'),
(152, 46, 6, 4, 2, 2, 2, 1, NULL, '2024-03-12 06:44:40', '2024-03-12 06:44:40'),
(153, 47, 6, 4, 2, 5, 2, 1, NULL, '2024-03-12 06:44:40', '2024-03-12 06:44:40'),
(154, 59, 19, 4, 2, 4, 2, 1, NULL, '2024-03-12 06:44:40', '2024-03-12 06:44:40'),
(155, 88.3, 5, 4, 2, 4, 2, 1, NULL, '2024-03-12 06:44:40', '2024-03-12 06:44:40'),
(156, 89, 5, 4, 2, 2, 2, 1, NULL, '2024-03-12 06:44:40', '2024-03-12 06:44:40'),
(157, 90.3, 7, 4, 2, 4, 2, 1, NULL, '2024-03-12 06:44:40', '2024-03-12 06:44:40'),
(158, 90.7, 7, 4, 2, 3, 2, 1, NULL, '2024-03-12 06:44:40', '2024-03-12 06:44:40'),
(159, 91, 7, 4, 2, 2, 2, 1, NULL, '2024-03-12 06:44:40', '2024-03-12 06:44:40'),
(160, 91.8, 2, 4, 2, 5, 2, 1, NULL, '2024-03-12 06:44:40', '2024-03-12 06:44:40'),
(161, 92.3, 2, 4, 2, 6, 2, 1, NULL, '2024-03-12 06:44:40', '2024-03-12 06:44:40'),
(162, 93, 2, 4, 2, 2, 2, 1, NULL, '2024-03-12 06:44:40', '2024-03-12 06:44:40'),
(163, 94.1, 3, 4, 3, 4, 2, 1, NULL, '2024-03-12 06:44:40', '2024-03-12 06:44:40'),
(164, 94.7, 8, 4, 2, 3, 2, 1, NULL, '2024-03-12 06:44:40', '2024-03-12 06:44:40'),
(165, 95, 8, 4, 2, 7, 2, 1, NULL, '2024-03-12 06:44:40', '2024-03-12 06:44:40'),
(166, 95.8, 4, 4, 2, 5, 2, 1, NULL, '2024-03-12 06:44:40', '2024-03-12 06:44:40'),
(167, 96.1, 4, 4, 2, 4, 2, 1, NULL, '2024-03-12 06:44:40', '2024-03-12 06:44:40'),
(168, 97, 4, 4, 2, 7, 2, 1, NULL, '2024-03-12 06:44:40', '2024-03-12 06:44:40'),
(169, 98.3, 9, 4, 2, 4, 2, 1, NULL, '2024-03-12 06:44:40', '2024-03-12 06:44:40'),
(170, 99, 9, 4, 2, 7, 2, 1, NULL, '2024-03-12 06:44:40', '2024-03-12 06:44:40'),
(171, 100.3, 10, 4, 2, 4, 2, 1, NULL, '2024-03-12 06:44:40', '2024-03-12 06:44:40'),
(172, 101, 10, 4, 2, 7, 2, 1, NULL, '2024-03-12 06:44:40', '2024-03-12 06:44:40'),
(173, 101.3, 15, 4, 3, 6, 2, 1, NULL, '2024-03-12 06:44:40', '2024-03-12 06:44:40'),
(174, 102.3, 12, 4, 2, 4, 2, 1, NULL, '2024-03-12 06:44:40', '2024-03-12 06:44:40'),
(175, 103, 12, 4, 2, 7, 2, 1, NULL, '2024-03-12 06:44:40', '2024-03-12 06:44:40'),
(176, 103.8, 13, 4, 2, 5, 2, 1, NULL, '2024-03-12 06:44:40', '2024-03-12 06:44:40'),
(177, 104.3, 13, 4, 2, 8, 2, 1, NULL, '2024-03-12 06:44:40', '2024-03-12 06:44:40'),
(178, 105, 13, 4, 2, 7, 2, 1, NULL, '2024-03-12 06:44:40', '2024-03-12 06:44:40'),
(179, 106.3, 14, 4, 2, 8, 2, 1, NULL, '2024-03-12 06:44:40', '2024-03-12 06:44:40'),
(180, 107, 14, 4, 2, 7, 2, 1, NULL, '2024-03-12 06:44:40', '2024-03-12 06:44:40'),
(181, 21, 6, 4, 2, 9, 2, 1, NULL, '2024-03-12 06:44:40', '2024-03-12 06:44:40'),
(182, 27, 6, 4, 2, 9, 2, 1, NULL, '2024-03-12 06:44:40', '2024-03-12 06:44:40'),
(183, 45, 6, 4, 3, 9, 2, 1, NULL, '2024-03-12 06:44:40', '2024-03-12 06:44:40'),
(184, 88.3, 5, 4, 2, 10, 2, 1, NULL, '2024-03-12 06:44:40', '2024-03-12 06:44:40'),
(185, 89.9, 7, 4, 2, 9, 2, 1, NULL, '2024-03-12 06:44:40', '2024-03-12 06:44:40'),
(186, 91.9, 2, 4, 2, 9, 2, 1, NULL, '2024-03-12 06:44:40', '2024-03-12 06:44:40'),
(187, 93.9, 3, 4, 3, 9, 2, 1, NULL, '2024-03-12 06:44:40', '2024-03-12 06:44:40'),
(188, 95.9, 4, 4, 2, 9, 2, 1, NULL, '2024-03-12 06:44:40', '2024-03-12 06:44:40'),
(189, 97.9, 5, 4, 2, 10, 2, 1, NULL, '2024-03-12 06:44:40', '2024-03-12 06:44:40'),
(190, 99.3, 15, 4, 3, 9, 2, 1, NULL, '2024-03-12 06:44:40', '2024-03-12 06:44:40'),
(191, 99.9, 10, 4, 2, 9, 2, 1, NULL, '2024-03-12 06:44:40', '2024-03-12 06:44:40'),
(192, 101.9, 14, 4, 2, 9, 2, 1, NULL, '2024-03-12 06:44:40', '2024-03-12 06:44:40'),
(193, 103.9, 13, 4, 2, 9, 2, 1, NULL, '2024-03-12 06:44:40', '2024-03-12 06:44:40'),
(194, 22, 16, 5, 5, 1, 2, 1, NULL, '2024-03-12 06:44:40', '2024-03-12 06:44:40'),
(195, 27, 16, 5, 5, 1, 2, 1, NULL, '2024-03-12 06:44:40', '2024-03-12 06:44:40'),
(196, 43, 16, 5, 5, 1, 2, 1, NULL, '2024-03-12 06:44:40', '2024-03-12 06:44:40'),
(197, 47, 16, 5, 5, 1, 2, 1, NULL, '2024-03-12 06:44:40', '2024-03-12 06:44:40'),
(198, 91.1, 17, 5, 5, 11, 2, 1, NULL, '2024-03-12 06:44:40', '2024-03-12 06:44:40'),
(199, 99.1, 17, 5, 5, 12, 2, 1, NULL, '2024-03-12 06:44:40', '2024-03-12 06:44:40'),
(200, 100.3, 18, 5, 5, 13, 2, 1, NULL, '2024-03-12 06:44:40', '2024-03-12 06:44:40'),
(201, 104.7, 18, 5, 5, 14, 2, 1, NULL, '2024-03-12 06:44:40', '2024-03-12 06:44:40'),
(202, 21, 6, 4, 2, 1, 2, 1, NULL, '2024-03-12 06:44:40', '2024-03-12 06:44:40'),
(203, 26, 6, 4, 2, 1, 2, 1, NULL, '2024-03-12 06:44:40', '2024-03-12 06:44:40'),
(204, 27, 6, 4, 2, 1, 2, 1, NULL, '2024-03-12 06:44:40', '2024-03-12 06:44:40'),
(205, 32, 19, 4, 2, 1, 2, 1, NULL, '2024-03-12 06:44:40', '2024-03-12 06:44:40'),
(206, 38, 6, 4, 2, 1, 2, 1, NULL, '2024-03-12 06:44:40', '2024-03-12 06:44:40'),
(207, 44, 6, 4, 2, 1, 2, 1, NULL, '2024-03-12 06:44:40', '2024-03-12 06:44:40'),
(208, 45, 6, 4, 2, 1, 2, 1, NULL, '2024-03-12 06:44:40', '2024-03-12 06:44:40'),
(209, 88.3, 5, 4, 2, 4, 2, 1, NULL, '2024-03-12 06:44:40', '2024-03-12 06:44:40'),
(210, 89.9, 7, 4, 2, 9, 2, 1, NULL, '2024-03-12 06:44:40', '2024-03-12 06:44:40'),
(211, 90.3, 7, 4, 2, 4, 2, 1, NULL, '2024-03-12 06:44:40', '2024-03-12 06:44:40'),
(212, 91.9, 2, 4, 2, 9, 2, 1, NULL, '2024-03-12 06:44:40', '2024-03-12 06:44:40'),
(213, 92.3, 2, 4, 2, 4, 2, 1, NULL, '2024-03-12 06:44:40', '2024-03-12 06:44:40'),
(214, 93.9, 3, 4, 3, 9, 2, 1, NULL, '2024-03-12 06:44:40', '2024-03-12 06:44:40'),
(215, 94.1, 3, 4, 3, 4, 2, 1, NULL, '2024-03-12 06:44:40', '2024-03-12 06:44:40'),
(216, 95.9, 4, 4, 2, 9, 2, 1, NULL, '2024-03-12 06:44:40', '2024-03-12 06:44:40'),
(217, 96.1, 4, 4, 2, 4, 2, 1, NULL, '2024-03-12 06:44:40', '2024-03-12 06:44:40'),
(218, 97.9, 5, 4, 2, 9, 2, 1, NULL, '2024-03-12 06:44:40', '2024-03-12 06:44:40'),
(219, 98.3, 9, 4, 2, 4, 2, 1, NULL, '2024-03-12 06:44:41', '2024-03-12 06:44:41'),
(220, 99.3, 20, 4, 3, 9, 2, 1, NULL, '2024-03-12 06:44:41', '2024-03-12 06:44:41'),
(221, 99.9, 10, 4, 2, 9, 2, 1, NULL, '2024-03-12 06:44:41', '2024-03-12 06:44:41'),
(222, 100.3, 10, 4, 2, 4, 2, 1, NULL, '2024-03-12 06:44:41', '2024-03-12 06:44:41'),
(223, 101.3, 20, 4, 3, 4, 2, 1, NULL, '2024-03-12 06:44:41', '2024-03-12 06:44:41'),
(224, 101.9, 14, 4, 2, 9, 2, 1, NULL, '2024-03-12 06:44:41', '2024-03-12 06:44:41'),
(225, 103.9, 13, 4, 2, 9, 2, 1, NULL, '2024-03-12 06:44:41', '2024-03-12 06:44:41'),
(226, 104.3, 13, 4, 2, 4, 2, 1, NULL, '2024-03-12 06:44:41', '2024-03-12 06:44:41'),
(227, 106.3, 14, 4, 2, 4, 2, 1, NULL, '2024-03-12 06:44:41', '2024-03-12 06:44:41'),
(228, 107, 14, 4, 2, 2, 2, 1, NULL, '2024-03-12 06:44:41', '2024-03-12 06:44:41'),
(229, 21, 19, 5, 5, 15, 2, 1, NULL, '2024-03-12 06:44:41', '2024-03-12 06:44:41'),
(230, 22, 19, 5, 5, 15, 2, 1, NULL, '2024-03-12 06:44:41', '2024-03-12 06:44:41'),
(231, 23, 19, 5, 5, 15, 2, 1, NULL, '2024-03-12 06:44:41', '2024-03-12 06:44:41'),
(232, 26, 19, 5, 5, 15, 2, 1, NULL, '2024-03-12 06:44:41', '2024-03-12 06:44:41'),
(233, 27, 19, 5, 5, 15, 2, 1, NULL, '2024-03-12 06:44:41', '2024-03-12 06:44:41'),
(234, 28, 19, 5, 5, 15, 2, 1, NULL, '2024-03-12 06:44:41', '2024-03-12 06:44:41'),
(235, 30, 19, 5, 5, 15, 2, 1, NULL, '2024-03-12 06:44:41', '2024-03-12 06:44:41'),
(236, 43, 19, 5, 5, 15, 2, 1, NULL, '2024-03-12 06:44:41', '2024-03-12 06:44:41'),
(237, 47, 19, 5, 5, 15, 2, 1, NULL, '2024-03-12 06:44:41', '2024-03-12 06:44:41'),
(238, 91.1, 21, 6, 6, 16, 2, 1, NULL, '2024-03-12 06:44:41', '2024-03-12 06:44:41'),
(239, 92.3, 22, 5, 5, 14, 2, 1, NULL, '2024-03-12 06:44:41', '2024-03-12 06:44:41'),
(240, 93.1, 23, 5, 5, 14, 2, 1, NULL, '2024-03-12 06:44:41', '2024-03-12 06:44:41'),
(241, 93.9, 24, 5, 5, 14, 2, 1, NULL, '2024-03-12 06:44:41', '2024-03-12 06:44:41'),
(242, 95.1, 25, 5, 5, 15, 2, 1, NULL, '2024-03-12 06:44:41', '2024-03-12 06:44:41'),
(243, 95.5, 26, 5, 5, 14, 2, 1, NULL, '2024-03-12 06:44:41', '2024-03-12 06:44:41'),
(244, 95.9, 27, 5, 5, 15, 2, 1, NULL, '2024-03-12 06:44:41', '2024-03-12 06:44:41'),
(245, 96.7, 28, 5, 5, 14, 2, 1, NULL, '2024-03-12 06:44:41', '2024-03-12 06:44:41'),
(246, 97.5, 29, 5, 5, 14, 2, 1, NULL, '2024-03-12 06:44:41', '2024-03-12 06:44:41'),
(247, 97.8, 30, 5, 5, 18, 2, 1, NULL, '2024-03-12 06:44:41', '2024-03-12 06:44:41'),
(248, 98.1, 31, 5, 5, 14, 2, 1, NULL, '2024-03-12 06:44:41', '2024-03-12 06:44:41'),
(249, 98.5, 32, 5, 5, 14, 2, 1, NULL, '2024-03-12 06:44:41', '2024-03-12 06:44:41'),
(250, 98.9, 33, 5, 5, 14, 2, 1, NULL, '2024-03-12 06:44:41', '2024-03-12 06:44:41'),
(251, 99.3, 34, 5, 5, 15, 2, 1, NULL, '2024-03-12 06:44:41', '2024-03-12 06:44:41'),
(252, 99.5, 35, 5, 5, 14, 2, 1, NULL, '2024-03-12 06:44:41', '2024-03-12 06:44:41'),
(253, 99.7, 36, 5, 5, 20, 2, 1, NULL, '2024-03-12 06:44:41', '2024-03-12 06:44:41'),
(254, 100.3, 37, 5, 5, 21, 2, 1, NULL, '2024-03-12 06:44:41', '2024-03-12 06:44:41'),
(255, 100.6, 38, 5, 5, 22, 2, 1, NULL, '2024-03-12 06:44:41', '2024-03-12 06:44:41'),
(256, 100.9, 39, 5, 5, 14, 2, 1, NULL, '2024-03-12 06:44:41', '2024-03-12 06:44:41'),
(257, 101.9, 40, 5, 5, 15, 2, 1, NULL, '2024-03-12 06:44:41', '2024-03-12 06:44:41'),
(258, 102.3, 17, 5, 5, 14, 2, 1, NULL, '2024-03-12 06:44:41', '2024-03-12 06:44:41'),
(259, 103.9, 41, 6, 6, 16, 2, 1, NULL, '2024-03-12 06:44:41', '2024-03-12 06:44:41'),
(260, 104.3, 42, 5, 5, 14, 2, 1, NULL, '2024-03-12 06:44:41', '2024-03-12 06:44:41'),
(261, 104.8, 41, 6, 6, 23, 2, 1, NULL, '2024-03-12 06:44:41', '2024-03-12 06:44:41'),
(262, 105.1, 25, 5, 5, 15, 2, 1, NULL, '2024-03-12 06:44:41', '2024-03-12 06:44:41'),
(263, 105.5, 43, 5, 5, 14, 2, 1, NULL, '2024-03-12 06:44:41', '2024-03-12 06:44:41'),
(264, 105.9, 18, 5, 5, 14, 2, 1, NULL, '2024-03-12 06:44:41', '2024-03-12 06:44:41'),
(265, 106.1, 21, 6, 6, 24, 2, 1, NULL, '2024-03-12 06:44:41', '2024-03-12 06:44:41'),
(266, 106.9, 46, 5, 5, 14, 2, 1, NULL, '2024-03-12 06:44:41', '2024-03-12 06:44:41'),
(267, 101.3, 1, 1, 8, 1, 2, 1, NULL, '2024-03-12 06:46:05', '2024-03-12 06:46:05'),
(268, 101.3, 1, 1, 8, 1, 2, 1, NULL, '2024-03-12 06:46:05', '2024-03-12 06:46:05'),
(269, 91.9, 2, 4, 2, 1, 2, 1, NULL, '2024-03-12 06:46:05', '2024-03-12 06:46:05'),
(270, 93.9, 3, 4, 2, 1, 2, 1, NULL, '2024-03-12 06:46:05', '2024-03-12 06:46:05'),
(271, 95.9, 4, 4, 2, 1, 2, 1, NULL, '2024-03-12 06:46:05', '2024-03-12 06:46:05'),
(272, 97.9, 5, 4, 2, 1, 2, 1, NULL, '2024-03-12 06:46:05', '2024-03-12 06:46:05'),
(273, 99.3, 1, 2, 8, 1, 2, 1, NULL, '2024-03-12 06:46:05', '2024-03-12 06:46:05'),
(274, 101.3, 1, 1, 8, 1, 2, 1, NULL, '2024-03-12 06:46:05', '2024-03-12 06:46:05'),
(275, 22, 6, 4, 2, 2, 2, 1, NULL, '2024-03-12 06:46:05', '2024-03-12 06:46:05'),
(276, 24, 6, 4, 2, 3, 2, 1, NULL, '2024-03-12 06:46:05', '2024-03-12 06:46:05'),
(277, 26, 6, 4, 2, 3, 2, 1, NULL, '2024-03-12 06:46:05', '2024-03-12 06:46:05'),
(278, 28, 6, 4, 2, 2, 2, 1, NULL, '2024-03-12 06:46:05', '2024-03-12 06:46:05'),
(279, 30, 6, 4, 2, 3, 2, 1, NULL, '2024-03-12 06:46:05', '2024-03-12 06:46:05'),
(280, 32, 19, 4, 2, 3, 2, 1, NULL, '2024-03-12 06:46:05', '2024-03-12 06:46:05'),
(281, 34, 19, 4, 2, 2, 2, 1, NULL, '2024-03-12 06:46:05', '2024-03-12 06:46:05'),
(282, 38, 6, 4, 2, 3, 2, 1, NULL, '2024-03-12 06:46:05', '2024-03-12 06:46:05'),
(283, 40, 6, 4, 2, 2, 2, 1, NULL, '2024-03-12 06:46:05', '2024-03-12 06:46:05'),
(284, 44, 6, 4, 3, 4, 2, 1, NULL, '2024-03-12 06:46:05', '2024-03-12 06:46:05'),
(285, 46, 6, 4, 2, 2, 2, 1, NULL, '2024-03-12 06:46:05', '2024-03-12 06:46:05'),
(286, 47, 6, 4, 2, 5, 2, 1, NULL, '2024-03-12 06:46:05', '2024-03-12 06:46:05'),
(287, 59, 19, 4, 2, 4, 2, 1, NULL, '2024-03-12 06:46:05', '2024-03-12 06:46:05'),
(288, 88.3, 5, 4, 2, 4, 2, 1, NULL, '2024-03-12 06:46:05', '2024-03-12 06:46:05'),
(289, 89, 5, 4, 2, 2, 2, 1, NULL, '2024-03-12 06:46:05', '2024-03-12 06:46:05'),
(290, 90.3, 7, 4, 2, 4, 2, 1, NULL, '2024-03-12 06:46:05', '2024-03-12 06:46:05'),
(291, 90.7, 7, 4, 2, 3, 2, 1, NULL, '2024-03-12 06:46:05', '2024-03-12 06:46:05'),
(292, 91, 7, 4, 2, 2, 2, 1, NULL, '2024-03-12 06:46:05', '2024-03-12 06:46:05'),
(293, 91.8, 2, 4, 2, 5, 2, 1, NULL, '2024-03-12 06:46:05', '2024-03-12 06:46:05'),
(294, 92.3, 2, 4, 2, 6, 2, 1, NULL, '2024-03-12 06:46:05', '2024-03-12 06:46:05'),
(295, 93, 2, 4, 2, 2, 2, 1, NULL, '2024-03-12 06:46:05', '2024-03-12 06:46:05'),
(296, 94.1, 3, 4, 3, 4, 2, 1, NULL, '2024-03-12 06:46:05', '2024-03-12 06:46:05'),
(297, 94.7, 8, 4, 2, 3, 2, 1, NULL, '2024-03-12 06:46:05', '2024-03-12 06:46:05'),
(298, 95, 8, 4, 2, 7, 2, 1, NULL, '2024-03-12 06:46:05', '2024-03-12 06:46:05'),
(299, 95.8, 4, 4, 2, 5, 2, 1, NULL, '2024-03-12 06:46:05', '2024-03-12 06:46:05'),
(300, 96.1, 4, 4, 2, 4, 2, 1, NULL, '2024-03-12 06:46:05', '2024-03-12 06:46:05'),
(301, 97, 4, 4, 2, 7, 2, 1, NULL, '2024-03-12 06:46:05', '2024-03-12 06:46:05'),
(302, 98.3, 9, 4, 2, 4, 2, 1, NULL, '2024-03-12 06:46:05', '2024-03-12 06:46:05'),
(303, 99, 9, 4, 2, 7, 2, 1, NULL, '2024-03-12 06:46:05', '2024-03-12 06:46:05'),
(304, 100.3, 10, 4, 2, 4, 2, 1, NULL, '2024-03-12 06:46:05', '2024-03-12 06:46:05'),
(305, 101, 10, 4, 2, 7, 2, 1, NULL, '2024-03-12 06:46:05', '2024-03-12 06:46:05'),
(306, 101.3, 15, 4, 3, 6, 2, 1, NULL, '2024-03-12 06:46:05', '2024-03-12 06:46:05'),
(307, 102.3, 12, 4, 2, 4, 2, 1, NULL, '2024-03-12 06:46:05', '2024-03-12 06:46:05'),
(308, 103, 12, 4, 2, 7, 2, 1, NULL, '2024-03-12 06:46:05', '2024-03-12 06:46:05'),
(309, 103.8, 13, 4, 2, 5, 2, 1, NULL, '2024-03-12 06:46:05', '2024-03-12 06:46:05'),
(310, 104.3, 13, 4, 2, 8, 2, 1, NULL, '2024-03-12 06:46:05', '2024-03-12 06:46:05'),
(311, 105, 13, 4, 2, 7, 2, 1, NULL, '2024-03-12 06:46:05', '2024-03-12 06:46:05'),
(312, 106.3, 14, 4, 2, 8, 2, 1, NULL, '2024-03-12 06:46:05', '2024-03-12 06:46:05'),
(313, 107, 14, 4, 2, 7, 2, 1, NULL, '2024-03-12 06:46:05', '2024-03-12 06:46:05'),
(314, 21, 6, 4, 2, 9, 2, 1, NULL, '2024-03-12 06:46:05', '2024-03-12 06:46:05'),
(315, 27, 6, 4, 2, 9, 2, 1, NULL, '2024-03-12 06:46:05', '2024-03-12 06:46:05'),
(316, 45, 6, 4, 3, 9, 2, 1, NULL, '2024-03-12 06:46:05', '2024-03-12 06:46:05'),
(317, 88.3, 5, 4, 2, 10, 2, 1, NULL, '2024-03-12 06:46:05', '2024-03-12 06:46:05'),
(318, 89.9, 7, 4, 2, 9, 2, 1, NULL, '2024-03-12 06:46:05', '2024-03-12 06:46:05'),
(319, 91.9, 2, 4, 2, 9, 2, 1, NULL, '2024-03-12 06:46:05', '2024-03-12 06:46:05'),
(320, 93.9, 3, 4, 3, 9, 2, 1, NULL, '2024-03-12 06:46:05', '2024-03-12 06:46:05'),
(321, 95.9, 4, 4, 2, 9, 2, 1, NULL, '2024-03-12 06:46:05', '2024-03-12 06:46:05'),
(322, 97.9, 5, 4, 2, 10, 2, 1, NULL, '2024-03-12 06:46:05', '2024-03-12 06:46:05'),
(323, 99.3, 15, 4, 3, 9, 2, 1, NULL, '2024-03-12 06:46:05', '2024-03-12 06:46:05'),
(324, 99.9, 10, 4, 2, 9, 2, 1, NULL, '2024-03-12 06:46:05', '2024-03-12 06:46:05'),
(325, 101.9, 14, 4, 2, 9, 2, 1, NULL, '2024-03-12 06:46:05', '2024-03-12 06:46:05'),
(326, 103.9, 13, 4, 2, 9, 2, 1, NULL, '2024-03-12 06:46:05', '2024-03-12 06:46:05'),
(327, 22, 16, 5, 5, 1, 2, 1, NULL, '2024-03-12 06:46:05', '2024-03-12 06:46:05'),
(328, 27, 16, 5, 5, 1, 2, 1, NULL, '2024-03-12 06:46:05', '2024-03-12 06:46:05'),
(329, 43, 16, 5, 5, 1, 2, 1, NULL, '2024-03-12 06:46:05', '2024-03-12 06:46:05'),
(330, 47, 16, 5, 5, 1, 2, 1, NULL, '2024-03-12 06:46:05', '2024-03-12 06:46:05'),
(331, 91.1, 17, 5, 5, 11, 2, 1, NULL, '2024-03-12 06:46:05', '2024-03-12 06:46:05'),
(332, 99.1, 17, 5, 5, 12, 2, 1, NULL, '2024-03-12 06:46:05', '2024-03-12 06:46:05'),
(333, 100.3, 18, 5, 5, 13, 2, 1, NULL, '2024-03-12 06:46:05', '2024-03-12 06:46:05'),
(334, 104.7, 18, 5, 5, 14, 2, 1, NULL, '2024-03-12 06:46:05', '2024-03-12 06:46:05'),
(335, 21, 6, 4, 2, 1, 2, 1, NULL, '2024-03-12 06:46:05', '2024-03-12 06:46:05'),
(336, 26, 6, 4, 2, 1, 2, 1, NULL, '2024-03-12 06:46:05', '2024-03-12 06:46:05'),
(337, 27, 6, 4, 2, 1, 2, 1, NULL, '2024-03-12 06:46:05', '2024-03-12 06:46:05'),
(338, 32, 19, 4, 2, 1, 2, 1, NULL, '2024-03-12 06:46:05', '2024-03-12 06:46:05'),
(339, 38, 6, 4, 2, 1, 2, 1, NULL, '2024-03-12 06:46:05', '2024-03-12 06:46:05'),
(340, 44, 6, 4, 2, 1, 2, 1, NULL, '2024-03-12 06:46:05', '2024-03-12 06:46:05'),
(341, 45, 6, 4, 2, 1, 2, 1, NULL, '2024-03-12 06:46:05', '2024-03-12 06:46:05'),
(342, 88.3, 5, 4, 2, 4, 2, 1, NULL, '2024-03-12 06:46:05', '2024-03-12 06:46:05'),
(343, 89.9, 7, 4, 2, 9, 2, 1, NULL, '2024-03-12 06:46:05', '2024-03-12 06:46:05'),
(344, 90.3, 7, 4, 2, 4, 2, 1, NULL, '2024-03-12 06:46:05', '2024-03-12 06:46:05'),
(345, 91.9, 2, 4, 2, 9, 2, 1, NULL, '2024-03-12 06:46:05', '2024-03-12 06:46:05'),
(346, 92.3, 2, 4, 2, 4, 2, 1, NULL, '2024-03-12 06:46:05', '2024-03-12 06:46:05'),
(347, 93.9, 3, 4, 3, 9, 2, 1, NULL, '2024-03-12 06:46:05', '2024-03-12 06:46:05'),
(348, 94.1, 3, 4, 3, 4, 2, 1, NULL, '2024-03-12 06:46:05', '2024-03-12 06:46:05'),
(349, 95.9, 4, 4, 2, 9, 2, 1, NULL, '2024-03-12 06:46:05', '2024-03-12 06:46:05'),
(350, 96.1, 4, 4, 2, 4, 2, 1, NULL, '2024-03-12 06:46:05', '2024-03-12 06:46:05'),
(351, 97.9, 5, 4, 2, 9, 2, 1, NULL, '2024-03-12 06:46:05', '2024-03-12 06:46:05'),
(352, 98.3, 9, 4, 2, 4, 2, 1, NULL, '2024-03-12 06:46:05', '2024-03-12 06:46:05'),
(353, 99.3, 20, 4, 3, 9, 2, 1, NULL, '2024-03-12 06:46:05', '2024-03-12 06:46:05'),
(354, 99.9, 10, 4, 2, 9, 2, 1, NULL, '2024-03-12 06:46:05', '2024-03-12 06:46:05'),
(355, 100.3, 10, 4, 2, 4, 2, 1, NULL, '2024-03-12 06:46:05', '2024-03-12 06:46:05'),
(356, 101.3, 20, 4, 3, 4, 2, 1, NULL, '2024-03-12 06:46:05', '2024-03-12 06:46:05'),
(357, 101.9, 14, 4, 2, 9, 2, 1, NULL, '2024-03-12 06:46:05', '2024-03-12 06:46:05'),
(358, 103.9, 13, 4, 2, 9, 2, 1, NULL, '2024-03-12 06:46:05', '2024-03-12 06:46:05'),
(359, 104.3, 13, 4, 2, 4, 2, 1, NULL, '2024-03-12 06:46:05', '2024-03-12 06:46:05'),
(360, 106.3, 14, 4, 2, 4, 2, 1, NULL, '2024-03-12 06:46:05', '2024-03-12 06:46:05'),
(361, 107, 14, 4, 2, 2, 2, 1, NULL, '2024-03-12 06:46:05', '2024-03-12 06:46:05'),
(362, 21, 19, 5, 5, 15, 2, 1, NULL, '2024-03-12 06:46:05', '2024-03-12 06:46:05'),
(363, 22, 19, 5, 5, 15, 2, 1, NULL, '2024-03-12 06:46:05', '2024-03-12 06:46:05'),
(364, 23, 19, 5, 5, 15, 2, 1, NULL, '2024-03-12 06:46:05', '2024-03-12 06:46:05'),
(365, 26, 19, 5, 5, 15, 2, 1, NULL, '2024-03-12 06:46:05', '2024-03-12 06:46:05'),
(366, 27, 19, 5, 5, 15, 2, 1, NULL, '2024-03-12 06:46:05', '2024-03-12 06:46:05'),
(367, 28, 19, 5, 5, 15, 2, 1, NULL, '2024-03-12 06:46:05', '2024-03-12 06:46:05'),
(368, 30, 19, 5, 5, 15, 2, 1, NULL, '2024-03-12 06:46:05', '2024-03-12 06:46:05'),
(369, 43, 19, 5, 5, 15, 2, 1, NULL, '2024-03-12 06:46:05', '2024-03-12 06:46:05'),
(370, 47, 19, 5, 5, 15, 2, 1, NULL, '2024-03-12 06:46:05', '2024-03-12 06:46:05'),
(371, 91.1, 21, 6, 6, 16, 2, 1, NULL, '2024-03-12 06:46:05', '2024-03-12 06:46:05'),
(372, 92.3, 22, 5, 5, 14, 2, 1, NULL, '2024-03-12 06:46:05', '2024-03-12 06:46:05'),
(373, 93.1, 23, 5, 5, 14, 2, 1, NULL, '2024-03-12 06:46:05', '2024-03-12 06:46:05'),
(374, 93.9, 24, 5, 5, 14, 2, 1, NULL, '2024-03-12 06:46:05', '2024-03-12 06:46:05'),
(375, 95.1, 25, 5, 5, 15, 2, 1, NULL, '2024-03-12 06:46:05', '2024-03-12 06:46:05'),
(376, 95.5, 26, 5, 5, 14, 2, 1, NULL, '2024-03-12 06:46:05', '2024-03-12 06:46:05'),
(377, 95.9, 27, 5, 5, 15, 2, 1, NULL, '2024-03-12 06:46:05', '2024-03-12 06:46:05'),
(378, 96.7, 28, 5, 5, 14, 2, 1, NULL, '2024-03-12 06:46:05', '2024-03-12 06:46:05'),
(379, 97.5, 29, 5, 5, 14, 2, 1, NULL, '2024-03-12 06:46:05', '2024-03-12 06:46:05'),
(380, 97.8, 30, 5, 5, 18, 2, 1, NULL, '2024-03-12 06:46:05', '2024-03-12 06:46:05'),
(381, 98.1, 31, 5, 5, 14, 2, 1, NULL, '2024-03-12 06:46:05', '2024-03-12 06:46:05'),
(382, 98.5, 32, 5, 5, 14, 2, 1, NULL, '2024-03-12 06:46:05', '2024-03-12 06:46:05'),
(383, 98.9, 33, 5, 5, 14, 2, 1, NULL, '2024-03-12 06:46:05', '2024-03-12 06:46:05'),
(384, 99.3, 34, 5, 5, 15, 2, 1, NULL, '2024-03-12 06:46:05', '2024-03-12 06:46:05'),
(385, 99.5, 35, 5, 5, 14, 2, 1, NULL, '2024-03-12 06:46:05', '2024-03-12 06:46:05'),
(386, 99.7, 36, 5, 5, 20, 2, 1, NULL, '2024-03-12 06:46:05', '2024-03-12 06:46:05'),
(387, 100.3, 37, 5, 5, 21, 2, 1, NULL, '2024-03-12 06:46:05', '2024-03-12 06:46:05'),
(388, 100.6, 38, 5, 5, 22, 2, 1, NULL, '2024-03-12 06:46:05', '2024-03-12 06:46:05'),
(389, 100.9, 39, 5, 5, 14, 2, 1, NULL, '2024-03-12 06:46:05', '2024-03-12 06:46:05'),
(390, 101.9, 40, 5, 5, 15, 2, 1, NULL, '2024-03-12 06:46:05', '2024-03-12 06:46:05'),
(391, 102.3, 17, 5, 5, 14, 2, 1, NULL, '2024-03-12 06:46:05', '2024-03-12 06:46:05'),
(392, 103.9, 41, 6, 6, 16, 2, 1, NULL, '2024-03-12 06:46:05', '2024-03-12 06:46:05'),
(393, 104.3, 42, 5, 5, 14, 2, 1, NULL, '2024-03-12 06:46:05', '2024-03-12 06:46:05'),
(394, 104.8, 41, 6, 6, 23, 2, 1, NULL, '2024-03-12 06:46:05', '2024-03-12 06:46:05'),
(395, 105.1, 25, 5, 5, 15, 2, 1, NULL, '2024-03-12 06:46:05', '2024-03-12 06:46:05'),
(396, 105.5, 43, 5, 5, 14, 2, 1, NULL, '2024-03-12 06:46:05', '2024-03-12 06:46:05'),
(397, 105.9, 18, 5, 5, 14, 2, 1, NULL, '2024-03-12 06:46:05', '2024-03-12 06:46:05'),
(398, 106.1, 21, 6, 6, 24, 2, 1, NULL, '2024-03-12 06:46:05', '2024-03-12 06:46:05'),
(399, 106.9, 46, 5, 5, 14, 2, 1, NULL, '2024-03-12 06:46:05', '2024-03-12 06:46:05'),
(400, 107.9, 47, 5, 5, 25, 2, 1, NULL, '2024-03-12 06:46:05', '2024-03-12 06:46:05'),
(401, 21, 6, 4, 2, 1, 2, 1, NULL, '2024-03-12 06:46:05', '2024-03-12 06:46:05'),
(402, 27, 6, 4, 2, 1, 2, 1, NULL, '2024-03-12 06:46:05', '2024-03-12 06:46:05'),
(403, 45, 6, 4, 3, 1, 2, 1, NULL, '2024-03-12 06:46:05', '2024-03-12 06:46:05'),
(404, 88.3, 5, 4, 2, 9, 2, 1, NULL, '2024-03-12 06:46:05', '2024-03-12 06:46:05'),
(405, 89.9, 7, 4, 2, 9, 2, 1, NULL, '2024-03-12 06:46:05', '2024-03-12 06:46:05'),
(406, 90.3, 21, 6, 6, 26, 2, 1, NULL, '2024-03-12 06:46:05', '2024-03-12 06:46:05'),
(407, 91.9, 2, 4, 2, 9, 2, 1, NULL, '2024-03-12 06:46:05', '2024-03-12 06:46:05'),
(408, 92.4, 49, 4, 2, 9, 2, 1, NULL, '2024-03-12 06:46:05', '2024-03-12 06:46:05'),
(409, 93.9, 3, 4, 2, 9, 2, 1, NULL, '2024-03-12 06:46:05', '2024-03-12 06:46:05'),
(410, 95.9, 4, 4, 2, 9, 2, 1, NULL, '2024-03-12 06:46:05', '2024-03-12 06:46:05'),
(411, 97.9, 5, 4, 2, 10, 2, 1, NULL, '2024-03-12 06:46:05', '2024-03-12 06:46:05'),
(412, 99.3, 15, 4, 3, 9, 2, 1, NULL, '2024-03-12 06:46:05', '2024-03-12 06:46:05'),
(413, 99.9, 10, 4, 2, 9, 2, 1, NULL, '2024-03-12 06:46:05', '2024-03-12 06:46:05'),
(414, 101.9, 14, 4, 2, 9, 2, 1, NULL, '2024-03-12 06:46:05', '2024-03-12 06:46:05'),
(415, 103.9, 13, 4, 2, 9, 2, 1, NULL, '2024-03-12 06:46:05', '2024-03-12 06:46:05'),
(416, 26, 19, 3, 4, 27, 2, 1, NULL, '2024-03-12 06:46:05', '2024-03-12 06:46:05'),
(417, 41, 50, 3, 4, 28, 2, 1, NULL, '2024-03-12 06:46:05', '2024-03-12 06:46:05'),
(418, 46, 51, 3, 4, 28, 2, 1, NULL, '2024-03-12 06:46:05', '2024-03-12 06:46:05'),
(419, 47, 19, 3, 4, 27, 2, 1, NULL, '2024-03-12 06:46:05', '2024-03-12 06:46:05'),
(420, 53, 52, 3, 4, 28, 2, 1, NULL, '2024-03-12 06:46:05', '2024-03-12 06:46:05'),
(421, 59, 53, 3, 4, 28, 2, 1, NULL, '2024-03-12 06:46:05', '2024-03-12 06:46:05'),
(422, 93.1, 54, 3, 4, 29, 2, 1, NULL, '2024-03-12 06:46:05', '2024-03-12 06:46:05'),
(423, 98.4, 55, 3, 4, 29, 2, 1, NULL, '2024-03-12 06:46:05', '2024-03-12 06:46:05'),
(424, 99.4, 56, 3, 4, 28, 2, 1, NULL, '2024-03-12 06:46:05', '2024-03-12 06:46:05'),
(425, 100.1, 57, 3, 4, 29, 2, 1, NULL, '2024-03-12 06:46:05', '2024-03-12 06:46:05'),
(426, 101.8, 58, 3, 4, 29, 2, 1, NULL, '2024-03-12 06:46:05', '2024-03-12 06:46:05'),
(427, 102.7, 59, 3, 4, 29, 2, 1, NULL, '2024-03-12 06:46:05', '2024-03-12 06:46:05'),
(428, 103.7, 60, 3, 4, 29, 2, 1, NULL, '2024-03-12 06:46:05', '2024-03-12 06:46:05'),
(429, 104.3, 59, 3, 8, 28, 2, 1, NULL, '2024-03-12 06:46:05', '2024-03-12 06:46:05'),
(430, 104.9, 61, 3, 4, 29, 2, 1, NULL, '2024-03-12 06:46:05', '2024-03-12 06:46:05'),
(431, 106.8, 62, 3, 4, 30, 2, 1, NULL, '2024-03-12 06:46:05', '2024-03-12 06:46:05'),
(432, 21, 6, 4, 2, 31, 2, 1, NULL, '2024-03-12 06:46:05', '2024-03-12 06:46:05'),
(433, 27, 6, 4, 2, 31, 2, 1, NULL, '2024-03-12 06:46:05', '2024-03-12 06:46:05'),
(434, 44, 6, 4, 2, 31, 2, 1, NULL, '2024-03-12 06:46:05', '2024-03-12 06:46:05'),
(435, 45, 6, 4, 2, 31, 2, 1, NULL, '2024-03-12 06:46:05', '2024-03-12 06:46:05'),
(436, 88.3, 5, 4, 2, 32, 2, 1, NULL, '2024-03-12 06:46:05', '2024-03-12 06:46:05'),
(437, 89.9, 7, 4, 2, 9, 2, 1, NULL, '2024-03-12 06:46:05', '2024-03-12 06:46:05'),
(438, 91.9, 2, 4, 2, 9, 2, 1, NULL, '2024-03-12 06:46:05', '2024-03-12 06:46:05'),
(439, 92.3, 2, 4, 2, 32, 2, 1, NULL, '2024-03-12 06:46:06', '2024-03-12 06:46:06'),
(440, 93.9, 3, 4, 3, 9, 2, 1, NULL, '2024-03-12 06:46:06', '2024-03-12 06:46:06'),
(441, 94.1, 3, 4, 3, 32, 2, 1, NULL, '2024-03-12 06:46:06', '2024-03-12 06:46:06'),
(442, 95.9, 4, 4, 2, 9, 2, 1, NULL, '2024-03-12 06:46:06', '2024-03-12 06:46:06'),
(443, 97.9, 5, 4, 2, 10, 2, 1, NULL, '2024-03-12 06:46:06', '2024-03-12 06:46:06'),
(444, 99.3, 15, 4, 3, 9, 2, 1, NULL, '2024-03-12 06:46:06', '2024-03-12 06:46:06'),
(445, 99.9, 10, 4, 2, 9, 2, 1, NULL, '2024-03-12 06:46:06', '2024-03-12 06:46:06'),
(446, 100.3, 10, 4, 2, 9, 2, 1, NULL, '2024-03-12 06:46:06', '2024-03-12 06:46:06'),
(447, 101.9, 14, 4, 2, 9, 2, 1, NULL, '2024-03-12 06:46:06', '2024-03-12 06:46:06'),
(448, 103.9, 13, 4, 2, 9, 2, 1, NULL, '2024-03-12 06:46:06', '2024-03-12 06:46:06'),
(449, 104.3, 13, 4, 2, 9, 2, 1, NULL, '2024-03-12 06:46:06', '2024-03-12 06:46:06'),
(450, 21, 19, 5, 5, 1, 2, 1, NULL, '2024-03-12 06:46:06', '2024-03-12 06:46:06'),
(451, 22, 19, 5, 5, 1, 2, 1, NULL, '2024-03-12 06:46:06', '2024-03-12 06:46:06'),
(452, 23, 19, 5, 5, 1, 2, 1, NULL, '2024-03-12 06:46:06', '2024-03-12 06:46:06'),
(453, 26, 19, 5, 5, 1, 2, 1, NULL, '2024-03-12 06:46:06', '2024-03-12 06:46:06'),
(454, 27, 19, 5, 5, 1, 2, 1, NULL, '2024-03-12 06:46:06', '2024-03-12 06:46:06'),
(455, 28, 19, 5, 5, 1, 2, 1, NULL, '2024-03-12 06:46:06', '2024-03-12 06:46:06'),
(456, 43, 19, 5, 5, 1, 2, 1, NULL, '2024-03-12 06:46:06', '2024-03-12 06:46:06'),
(457, 47, 19, 5, 5, 1, 2, 1, NULL, '2024-03-12 06:46:06', '2024-03-12 06:46:06'),
(458, 91.1, 63, 5, 5, 33, 2, 1, NULL, '2024-03-12 06:46:06', '2024-03-12 06:46:06'),
(459, 95.1, 64, 5, 5, 33, 2, 1, NULL, '2024-03-12 06:46:06', '2024-03-12 06:46:06'),
(460, 99.1, 63, 5, 5, 34, 2, 1, NULL, '2024-03-12 06:46:06', '2024-03-12 06:46:06'),
(461, 102.3, 65, 5, 5, 34, 2, 1, NULL, '2024-03-12 06:46:06', '2024-03-12 06:46:06'),
(462, 104.3, 46, 5, 5, 35, 2, 1, NULL, '2024-03-12 06:46:06', '2024-03-12 06:46:06'),
(463, 104.7, 18, 5, 5, 33, 2, 1, NULL, '2024-03-12 06:46:06', '2024-03-12 06:46:06'),
(464, 105.7, 66, 5, 5, 35, 2, 1, NULL, '2024-03-12 06:46:06', '2024-03-12 06:46:06'),
(465, 106.9, 46, 5, 5, 34, 2, 1, NULL, '2024-03-12 06:46:06', '2024-03-12 06:46:06');

-- --------------------------------------------------------

--
-- Tablo için tablo yapısı `frequencies_stations`
--

CREATE TABLE `frequencies_stations` (
  `id` bigint(20) UNSIGNED NOT NULL,
  `stations_id` bigint(20) UNSIGNED NOT NULL,
  `frequencies_id` bigint(20) UNSIGNED NOT NULL,
  `created_at` timestamp NULL DEFAULT NULL,
  `updated_at` timestamp NULL DEFAULT NULL
) ENGINE=InnoDB DEFAULT CHARSET=utf8mb4 COLLATE=utf8mb4_unicode_ci;

--
-- Tablo döküm verisi `frequencies_stations`
--

INSERT INTO `frequencies_stations` (`id`, `stations_id`, `frequencies_id`, `created_at`, `updated_at`) VALUES
(1, 1, 1, '2024-03-12 06:43:35', '2024-03-12 06:43:35'),
(2, 2, 2, '2024-03-12 06:43:35', '2024-03-12 06:43:35'),
(3, 3, 3, '2024-03-12 06:43:35', '2024-03-12 06:43:35'),
(4, 3, 4, '2024-03-12 06:43:35', '2024-03-12 06:43:35'),
(5, 3, 5, '2024-03-12 06:43:35', '2024-03-12 06:43:35'),
(6, 3, 6, '2024-03-12 06:43:35', '2024-03-12 06:43:35'),
(7, 3, 7, '2024-03-12 06:43:35', '2024-03-12 06:43:35'),
(8, 3, 8, '2024-03-12 06:43:35', '2024-03-12 06:43:35'),
(9, 10, 9, '2024-03-12 06:43:35', '2024-03-12 06:43:35'),
(10, 10, 10, '2024-03-12 06:43:35', '2024-03-12 06:43:35'),
(11, 10, 11, '2024-03-12 06:43:35', '2024-03-12 06:43:35'),
(12, 10, 12, '2024-03-12 06:43:35', '2024-03-12 06:43:35'),
(13, 10, 13, '2024-03-12 06:43:35', '2024-03-12 06:43:35'),
(14, 10, 14, '2024-03-12 06:43:35', '2024-03-12 06:43:35'),
(15, 10, 15, '2024-03-12 06:43:35', '2024-03-12 06:43:35'),
(16, 10, 16, '2024-03-12 06:43:35', '2024-03-12 06:43:35'),
(17, 10, 17, '2024-03-12 06:43:35', '2024-03-12 06:43:35'),
(18, 10, 18, '2024-03-12 06:43:35', '2024-03-12 06:43:35'),
(19, 10, 19, '2024-03-12 06:43:35', '2024-03-12 06:43:35'),
(20, 10, 20, '2024-03-12 06:43:35', '2024-03-12 06:43:35'),
(21, 10, 21, '2024-03-12 06:43:35', '2024-03-12 06:43:35'),
(22, 10, 22, '2024-03-12 06:43:35', '2024-03-12 06:43:35'),
(23, 10, 23, '2024-03-12 06:43:35', '2024-03-12 06:43:35'),
(24, 10, 24, '2024-03-12 06:43:35', '2024-03-12 06:43:35'),
(25, 10, 25, '2024-03-12 06:43:35', '2024-03-12 06:43:35'),
(26, 10, 26, '2024-03-12 06:43:35', '2024-03-12 06:43:35'),
(27, 10, 27, '2024-03-12 06:43:35', '2024-03-12 06:43:35'),
(28, 10, 28, '2024-03-12 06:43:35', '2024-03-12 06:43:35'),
(29, 10, 29, '2024-03-12 06:43:35', '2024-03-12 06:43:35'),
(30, 10, 30, '2024-03-12 06:43:35', '2024-03-12 06:43:35'),
(31, 10, 31, '2024-03-12 06:43:35', '2024-03-12 06:43:35'),
(32, 10, 32, '2024-03-12 06:43:35', '2024-03-12 06:43:35'),
(33, 10, 33, '2024-03-12 06:43:35', '2024-03-12 06:43:35'),
(34, 10, 34, '2024-03-12 06:43:35', '2024-03-12 06:43:35'),
(35, 10, 35, '2024-03-12 06:43:35', '2024-03-12 06:43:35'),
(36, 10, 36, '2024-03-12 06:43:35', '2024-03-12 06:43:35'),
(37, 10, 37, '2024-03-12 06:43:35', '2024-03-12 06:43:35'),
(38, 10, 38, '2024-03-12 06:43:35', '2024-03-12 06:43:35'),
(39, 10, 39, '2024-03-12 06:43:35', '2024-03-12 06:43:35'),
(40, 10, 40, '2024-03-12 06:43:35', '2024-03-12 06:43:35'),
(41, 10, 41, '2024-03-12 06:43:35', '2024-03-12 06:43:35'),
(42, 10, 42, '2024-03-12 06:43:35', '2024-03-12 06:43:35'),
(43, 10, 43, '2024-03-12 06:43:35', '2024-03-12 06:43:35'),
(44, 10, 44, '2024-03-12 06:43:35', '2024-03-12 06:43:35'),
(45, 10, 45, '2024-03-12 06:43:35', '2024-03-12 06:43:35'),
(46, 10, 46, '2024-03-12 06:43:35', '2024-03-12 06:43:35'),
(47, 10, 47, '2024-03-12 06:43:35', '2024-03-12 06:43:35'),
(48, 12, 48, '2024-03-12 06:43:35', '2024-03-12 06:43:35'),
(49, 12, 49, '2024-03-12 06:43:35', '2024-03-12 06:43:35'),
(50, 12, 50, '2024-03-12 06:43:35', '2024-03-12 06:43:35'),
(51, 12, 51, '2024-03-12 06:43:35', '2024-03-12 06:43:35'),
(52, 12, 52, '2024-03-12 06:43:35', '2024-03-12 06:43:35'),
(53, 12, 53, '2024-03-12 06:43:35', '2024-03-12 06:43:35'),
(54, 12, 54, '2024-03-12 06:43:35', '2024-03-12 06:43:35'),
(55, 12, 55, '2024-03-12 06:43:35', '2024-03-12 06:43:35'),
(56, 12, 56, '2024-03-12 06:43:35', '2024-03-12 06:43:35'),
(57, 12, 57, '2024-03-12 06:43:35', '2024-03-12 06:43:35'),
(58, 12, 58, '2024-03-12 06:43:35', '2024-03-12 06:43:35'),
(59, 12, 59, '2024-03-12 06:43:35', '2024-03-12 06:43:35'),
(60, 12, 60, '2024-03-12 06:43:35', '2024-03-12 06:43:35'),
(61, 4, 61, '2024-03-12 06:43:35', '2024-03-12 06:43:35'),
(62, 4, 62, '2024-03-12 06:43:35', '2024-03-12 06:43:35'),
(63, 4, 63, '2024-03-12 06:43:35', '2024-03-12 06:43:35'),
(64, 4, 64, '2024-03-12 06:43:35', '2024-03-12 06:43:35'),
(65, 4, 65, '2024-03-12 06:43:35', '2024-03-12 06:43:35'),
(66, 4, 66, '2024-03-12 06:43:35', '2024-03-12 06:43:35'),
(67, 4, 67, '2024-03-12 06:43:35', '2024-03-12 06:43:35'),
(68, 4, 68, '2024-03-12 06:43:35', '2024-03-12 06:43:35'),
(69, 9, 69, '2024-03-12 06:43:35', '2024-03-12 06:43:35'),
(70, 9, 70, '2024-03-12 06:43:35', '2024-03-12 06:43:35'),
(71, 9, 71, '2024-03-12 06:43:35', '2024-03-12 06:43:35'),
(72, 9, 72, '2024-03-12 06:43:35', '2024-03-12 06:43:35'),
(73, 9, 73, '2024-03-12 06:43:35', '2024-03-12 06:43:35'),
(74, 9, 74, '2024-03-12 06:43:35', '2024-03-12 06:43:35'),
(75, 9, 75, '2024-03-12 06:43:35', '2024-03-12 06:43:35'),
(76, 9, 76, '2024-03-12 06:43:35', '2024-03-12 06:43:35'),
(77, 9, 77, '2024-03-12 06:43:35', '2024-03-12 06:43:35'),
(78, 9, 78, '2024-03-12 06:43:35', '2024-03-12 06:43:35'),
(79, 9, 79, '2024-03-12 06:43:35', '2024-03-12 06:43:35'),
(80, 9, 80, '2024-03-12 06:43:35', '2024-03-12 06:43:35'),
(81, 9, 81, '2024-03-12 06:43:35', '2024-03-12 06:43:35'),
(82, 9, 82, '2024-03-12 06:43:35', '2024-03-12 06:43:35'),
(83, 9, 83, '2024-03-12 06:43:35', '2024-03-12 06:43:35'),
(84, 9, 84, '2024-03-12 06:43:35', '2024-03-12 06:43:35'),
(85, 9, 85, '2024-03-12 06:43:35', '2024-03-12 06:43:35'),
(86, 9, 86, '2024-03-12 06:43:35', '2024-03-12 06:43:35'),
(87, 9, 87, '2024-03-12 06:43:35', '2024-03-12 06:43:35'),
(88, 9, 88, '2024-03-12 06:43:35', '2024-03-12 06:43:35'),
(89, 9, 89, '2024-03-12 06:43:35', '2024-03-12 06:43:35'),
(90, 9, 90, '2024-03-12 06:43:35', '2024-03-12 06:43:35'),
(91, 9, 91, '2024-03-12 06:43:35', '2024-03-12 06:43:35'),
(92, 9, 92, '2024-03-12 06:43:35', '2024-03-12 06:43:35'),
(93, 9, 93, '2024-03-12 06:43:35', '2024-03-12 06:43:35'),
(94, 9, 94, '2024-03-12 06:43:35', '2024-03-12 06:43:35'),
(95, 9, 95, '2024-03-12 06:43:35', '2024-03-12 06:43:35'),
(96, 5, 96, '2024-03-12 06:43:35', '2024-03-12 06:43:35'),
(97, 5, 97, '2024-03-12 06:43:35', '2024-03-12 06:43:35'),
(98, 5, 98, '2024-03-12 06:43:35', '2024-03-12 06:43:35'),
(99, 5, 99, '2024-03-12 06:43:35', '2024-03-12 06:43:35'),
(100, 5, 100, '2024-03-12 06:43:35', '2024-03-12 06:43:35'),
(101, 5, 101, '2024-03-12 06:43:35', '2024-03-12 06:43:35'),
(102, 5, 102, '2024-03-12 06:43:35', '2024-03-12 06:43:35'),
(103, 5, 103, '2024-03-12 06:43:35', '2024-03-12 06:43:35'),
(104, 5, 104, '2024-03-12 06:43:35', '2024-03-12 06:43:35'),
(105, 5, 105, '2024-03-12 06:43:35', '2024-03-12 06:43:35'),
(106, 5, 106, '2024-03-12 06:43:35', '2024-03-12 06:43:35'),
(107, 5, 107, '2024-03-12 06:43:35', '2024-03-12 06:43:35'),
(108, 5, 108, '2024-03-12 06:43:35', '2024-03-12 06:43:35'),
(109, 5, 109, '2024-03-12 06:43:35', '2024-03-12 06:43:35'),
(110, 5, 110, '2024-03-12 06:43:35', '2024-03-12 06:43:35'),
(111, 5, 111, '2024-03-12 06:43:35', '2024-03-12 06:43:35'),
(112, 5, 112, '2024-03-12 06:43:35', '2024-03-12 06:43:35'),
(113, 5, 113, '2024-03-12 06:43:35', '2024-03-12 06:43:35'),
(114, 5, 114, '2024-03-12 06:43:35', '2024-03-12 06:43:35'),
(115, 5, 115, '2024-03-12 06:43:35', '2024-03-12 06:43:35'),
(116, 5, 116, '2024-03-12 06:43:35', '2024-03-12 06:43:35'),
(117, 5, 117, '2024-03-12 06:43:35', '2024-03-12 06:43:35'),
(118, 5, 118, '2024-03-12 06:43:35', '2024-03-12 06:43:35'),
(119, 5, 119, '2024-03-12 06:43:35', '2024-03-12 06:43:35'),
(120, 5, 120, '2024-03-12 06:43:35', '2024-03-12 06:43:35'),
(121, 5, 121, '2024-03-12 06:43:35', '2024-03-12 06:43:35'),
(122, 5, 122, '2024-03-12 06:43:35', '2024-03-12 06:43:35'),
(123, 5, 123, '2024-03-12 06:43:35', '2024-03-12 06:43:35'),
(124, 5, 124, '2024-03-12 06:43:35', '2024-03-12 06:43:35'),
(125, 5, 125, '2024-03-12 06:43:35', '2024-03-12 06:43:35'),
(126, 5, 126, '2024-03-12 06:43:35', '2024-03-12 06:43:35'),
(127, 5, 127, '2024-03-12 06:43:35', '2024-03-12 06:43:35'),
(128, 5, 128, '2024-03-12 06:43:35', '2024-03-12 06:43:35'),
(129, 5, 129, '2024-03-12 06:43:35', '2024-03-12 06:43:35'),
(130, 5, 130, '2024-03-12 06:43:35', '2024-03-12 06:43:35'),
(131, 5, 131, '2024-03-12 06:43:35', '2024-03-12 06:43:35'),
(132, 5, 132, '2024-03-12 06:43:35', '2024-03-12 06:43:35'),
(133, 5, 133, '2024-03-12 06:43:35', '2024-03-12 06:43:35'),
(134, 1, 134, '2024-03-12 06:44:40', '2024-03-12 06:44:40'),
(135, 2, 135, '2024-03-12 06:44:40', '2024-03-12 06:44:40'),
(136, 3, 136, '2024-03-12 06:44:40', '2024-03-12 06:44:40'),
(137, 3, 137, '2024-03-12 06:44:40', '2024-03-12 06:44:40'),
(138, 3, 138, '2024-03-12 06:44:40', '2024-03-12 06:44:40'),
(139, 3, 139, '2024-03-12 06:44:40', '2024-03-12 06:44:40'),
(140, 3, 140, '2024-03-12 06:44:40', '2024-03-12 06:44:40'),
(141, 3, 141, '2024-03-12 06:44:40', '2024-03-12 06:44:40'),
(142, 10, 142, '2024-03-12 06:44:40', '2024-03-12 06:44:40'),
(143, 10, 143, '2024-03-12 06:44:40', '2024-03-12 06:44:40'),
(144, 10, 144, '2024-03-12 06:44:40', '2024-03-12 06:44:40'),
(145, 10, 145, '2024-03-12 06:44:40', '2024-03-12 06:44:40'),
(146, 10, 146, '2024-03-12 06:44:40', '2024-03-12 06:44:40'),
(147, 10, 147, '2024-03-12 06:44:40', '2024-03-12 06:44:40'),
(148, 10, 148, '2024-03-12 06:44:40', '2024-03-12 06:44:40'),
(149, 10, 149, '2024-03-12 06:44:40', '2024-03-12 06:44:40'),
(150, 10, 150, '2024-03-12 06:44:40', '2024-03-12 06:44:40'),
(151, 10, 151, '2024-03-12 06:44:40', '2024-03-12 06:44:40'),
(152, 10, 152, '2024-03-12 06:44:40', '2024-03-12 06:44:40'),
(153, 10, 153, '2024-03-12 06:44:40', '2024-03-12 06:44:40'),
(154, 10, 154, '2024-03-12 06:44:40', '2024-03-12 06:44:40'),
(155, 10, 155, '2024-03-12 06:44:40', '2024-03-12 06:44:40'),
(156, 10, 156, '2024-03-12 06:44:40', '2024-03-12 06:44:40'),
(157, 10, 157, '2024-03-12 06:44:40', '2024-03-12 06:44:40'),
(158, 10, 158, '2024-03-12 06:44:40', '2024-03-12 06:44:40'),
(159, 10, 159, '2024-03-12 06:44:40', '2024-03-12 06:44:40'),
(160, 10, 160, '2024-03-12 06:44:40', '2024-03-12 06:44:40'),
(161, 10, 161, '2024-03-12 06:44:40', '2024-03-12 06:44:40'),
(162, 10, 162, '2024-03-12 06:44:40', '2024-03-12 06:44:40'),
(163, 10, 163, '2024-03-12 06:44:40', '2024-03-12 06:44:40'),
(164, 10, 164, '2024-03-12 06:44:40', '2024-03-12 06:44:40'),
(165, 10, 165, '2024-03-12 06:44:40', '2024-03-12 06:44:40'),
(166, 10, 166, '2024-03-12 06:44:40', '2024-03-12 06:44:40'),
(167, 10, 167, '2024-03-12 06:44:40', '2024-03-12 06:44:40'),
(168, 10, 168, '2024-03-12 06:44:40', '2024-03-12 06:44:40'),
(169, 10, 169, '2024-03-12 06:44:40', '2024-03-12 06:44:40'),
(170, 10, 170, '2024-03-12 06:44:40', '2024-03-12 06:44:40'),
(171, 10, 171, '2024-03-12 06:44:40', '2024-03-12 06:44:40'),
(172, 10, 172, '2024-03-12 06:44:40', '2024-03-12 06:44:40'),
(173, 10, 173, '2024-03-12 06:44:40', '2024-03-12 06:44:40'),
(174, 10, 174, '2024-03-12 06:44:40', '2024-03-12 06:44:40'),
(175, 10, 175, '2024-03-12 06:44:40', '2024-03-12 06:44:40'),
(176, 10, 176, '2024-03-12 06:44:40', '2024-03-12 06:44:40'),
(177, 10, 177, '2024-03-12 06:44:40', '2024-03-12 06:44:40'),
(178, 10, 178, '2024-03-12 06:44:40', '2024-03-12 06:44:40'),
(179, 10, 179, '2024-03-12 06:44:40', '2024-03-12 06:44:40'),
(180, 10, 180, '2024-03-12 06:44:40', '2024-03-12 06:44:40'),
(181, 12, 181, '2024-03-12 06:44:40', '2024-03-12 06:44:40'),
(182, 12, 182, '2024-03-12 06:44:40', '2024-03-12 06:44:40'),
(183, 12, 183, '2024-03-12 06:44:40', '2024-03-12 06:44:40'),
(184, 12, 184, '2024-03-12 06:44:40', '2024-03-12 06:44:40'),
(185, 12, 185, '2024-03-12 06:44:40', '2024-03-12 06:44:40'),
(186, 12, 186, '2024-03-12 06:44:40', '2024-03-12 06:44:40'),
(187, 12, 187, '2024-03-12 06:44:40', '2024-03-12 06:44:40'),
(188, 12, 188, '2024-03-12 06:44:40', '2024-03-12 06:44:40'),
(189, 12, 189, '2024-03-12 06:44:40', '2024-03-12 06:44:40'),
(190, 12, 190, '2024-03-12 06:44:40', '2024-03-12 06:44:40'),
(191, 12, 191, '2024-03-12 06:44:40', '2024-03-12 06:44:40'),
(192, 12, 192, '2024-03-12 06:44:40', '2024-03-12 06:44:40'),
(193, 12, 193, '2024-03-12 06:44:40', '2024-03-12 06:44:40'),
(194, 4, 194, '2024-03-12 06:44:40', '2024-03-12 06:44:40'),
(195, 4, 195, '2024-03-12 06:44:40', '2024-03-12 06:44:40'),
(196, 4, 196, '2024-03-12 06:44:40', '2024-03-12 06:44:40'),
(197, 4, 197, '2024-03-12 06:44:40', '2024-03-12 06:44:40'),
(198, 4, 198, '2024-03-12 06:44:40', '2024-03-12 06:44:40'),
(199, 4, 199, '2024-03-12 06:44:40', '2024-03-12 06:44:40'),
(200, 4, 200, '2024-03-12 06:44:40', '2024-03-12 06:44:40'),
(201, 4, 201, '2024-03-12 06:44:40', '2024-03-12 06:44:40'),
(202, 9, 202, '2024-03-12 06:44:40', '2024-03-12 06:44:40'),
(203, 9, 203, '2024-03-12 06:44:40', '2024-03-12 06:44:40'),
(204, 9, 204, '2024-03-12 06:44:40', '2024-03-12 06:44:40'),
(205, 9, 205, '2024-03-12 06:44:40', '2024-03-12 06:44:40'),
(206, 9, 206, '2024-03-12 06:44:40', '2024-03-12 06:44:40'),
(207, 9, 207, '2024-03-12 06:44:40', '2024-03-12 06:44:40'),
(208, 9, 208, '2024-03-12 06:44:40', '2024-03-12 06:44:40'),
(209, 9, 209, '2024-03-12 06:44:40', '2024-03-12 06:44:40'),
(210, 9, 210, '2024-03-12 06:44:40', '2024-03-12 06:44:40'),
(211, 9, 211, '2024-03-12 06:44:40', '2024-03-12 06:44:40'),
(212, 9, 212, '2024-03-12 06:44:40', '2024-03-12 06:44:40'),
(213, 9, 213, '2024-03-12 06:44:40', '2024-03-12 06:44:40'),
(214, 9, 214, '2024-03-12 06:44:40', '2024-03-12 06:44:40'),
(215, 9, 215, '2024-03-12 06:44:40', '2024-03-12 06:44:40'),
(216, 9, 216, '2024-03-12 06:44:40', '2024-03-12 06:44:40'),
(217, 9, 217, '2024-03-12 06:44:40', '2024-03-12 06:44:40'),
(218, 9, 218, '2024-03-12 06:44:41', '2024-03-12 06:44:41'),
(219, 9, 219, '2024-03-12 06:44:41', '2024-03-12 06:44:41'),
(220, 9, 220, '2024-03-12 06:44:41', '2024-03-12 06:44:41'),
(221, 9, 221, '2024-03-12 06:44:41', '2024-03-12 06:44:41'),
(222, 9, 222, '2024-03-12 06:44:41', '2024-03-12 06:44:41'),
(223, 9, 223, '2024-03-12 06:44:41', '2024-03-12 06:44:41'),
(224, 9, 224, '2024-03-12 06:44:41', '2024-03-12 06:44:41'),
(225, 9, 225, '2024-03-12 06:44:41', '2024-03-12 06:44:41'),
(226, 9, 226, '2024-03-12 06:44:41', '2024-03-12 06:44:41'),
(227, 9, 227, '2024-03-12 06:44:41', '2024-03-12 06:44:41'),
(228, 9, 228, '2024-03-12 06:44:41', '2024-03-12 06:44:41'),
(229, 5, 229, '2024-03-12 06:44:41', '2024-03-12 06:44:41'),
(230, 5, 230, '2024-03-12 06:44:41', '2024-03-12 06:44:41'),
(231, 5, 231, '2024-03-12 06:44:41', '2024-03-12 06:44:41'),
(232, 5, 232, '2024-03-12 06:44:41', '2024-03-12 06:44:41'),
(233, 5, 233, '2024-03-12 06:44:41', '2024-03-12 06:44:41'),
(234, 5, 234, '2024-03-12 06:44:41', '2024-03-12 06:44:41'),
(235, 5, 235, '2024-03-12 06:44:41', '2024-03-12 06:44:41'),
(236, 5, 236, '2024-03-12 06:44:41', '2024-03-12 06:44:41'),
(237, 5, 237, '2024-03-12 06:44:41', '2024-03-12 06:44:41'),
(238, 5, 238, '2024-03-12 06:44:41', '2024-03-12 06:44:41'),
(239, 5, 239, '2024-03-12 06:44:41', '2024-03-12 06:44:41'),
(240, 5, 240, '2024-03-12 06:44:41', '2024-03-12 06:44:41'),
(241, 5, 241, '2024-03-12 06:44:41', '2024-03-12 06:44:41'),
(242, 5, 242, '2024-03-12 06:44:41', '2024-03-12 06:44:41'),
(243, 5, 243, '2024-03-12 06:44:41', '2024-03-12 06:44:41'),
(244, 5, 244, '2024-03-12 06:44:41', '2024-03-12 06:44:41'),
(245, 5, 245, '2024-03-12 06:44:41', '2024-03-12 06:44:41'),
(246, 5, 246, '2024-03-12 06:44:41', '2024-03-12 06:44:41'),
(247, 5, 247, '2024-03-12 06:44:41', '2024-03-12 06:44:41'),
(248, 5, 248, '2024-03-12 06:44:41', '2024-03-12 06:44:41'),
(249, 5, 249, '2024-03-12 06:44:41', '2024-03-12 06:44:41'),
(250, 5, 250, '2024-03-12 06:44:41', '2024-03-12 06:44:41'),
(251, 5, 251, '2024-03-12 06:44:41', '2024-03-12 06:44:41'),
(252, 5, 252, '2024-03-12 06:44:41', '2024-03-12 06:44:41'),
(253, 5, 253, '2024-03-12 06:44:41', '2024-03-12 06:44:41'),
(254, 5, 254, '2024-03-12 06:44:41', '2024-03-12 06:44:41'),
(255, 5, 255, '2024-03-12 06:44:41', '2024-03-12 06:44:41'),
(256, 5, 256, '2024-03-12 06:44:41', '2024-03-12 06:44:41'),
(257, 5, 257, '2024-03-12 06:44:41', '2024-03-12 06:44:41'),
(258, 5, 258, '2024-03-12 06:44:41', '2024-03-12 06:44:41'),
(259, 5, 259, '2024-03-12 06:44:41', '2024-03-12 06:44:41'),
(260, 5, 260, '2024-03-12 06:44:41', '2024-03-12 06:44:41'),
(261, 5, 261, '2024-03-12 06:44:41', '2024-03-12 06:44:41'),
(262, 5, 262, '2024-03-12 06:44:41', '2024-03-12 06:44:41'),
(263, 5, 263, '2024-03-12 06:44:41', '2024-03-12 06:44:41'),
(264, 5, 264, '2024-03-12 06:44:41', '2024-03-12 06:44:41'),
(265, 5, 265, '2024-03-12 06:44:41', '2024-03-12 06:44:41'),
(266, 5, 266, '2024-03-12 06:44:41', '2024-03-12 06:44:41'),
(267, 1, 267, '2024-03-12 06:46:05', '2024-03-12 06:46:05'),
(268, 2, 268, '2024-03-12 06:46:05', '2024-03-12 06:46:05'),
(269, 3, 269, '2024-03-12 06:46:05', '2024-03-12 06:46:05'),
(270, 3, 270, '2024-03-12 06:46:05', '2024-03-12 06:46:05'),
(271, 3, 271, '2024-03-12 06:46:05', '2024-03-12 06:46:05'),
(272, 3, 272, '2024-03-12 06:46:05', '2024-03-12 06:46:05'),
(273, 3, 273, '2024-03-12 06:46:05', '2024-03-12 06:46:05'),
(274, 3, 274, '2024-03-12 06:46:05', '2024-03-12 06:46:05'),
(275, 10, 275, '2024-03-12 06:46:05', '2024-03-12 06:46:05'),
(276, 10, 276, '2024-03-12 06:46:05', '2024-03-12 06:46:05'),
(277, 10, 277, '2024-03-12 06:46:05', '2024-03-12 06:46:05'),
(278, 10, 278, '2024-03-12 06:46:05', '2024-03-12 06:46:05'),
(279, 10, 279, '2024-03-12 06:46:05', '2024-03-12 06:46:05'),
(280, 10, 280, '2024-03-12 06:46:05', '2024-03-12 06:46:05'),
(281, 10, 281, '2024-03-12 06:46:05', '2024-03-12 06:46:05'),
(282, 10, 282, '2024-03-12 06:46:05', '2024-03-12 06:46:05'),
(283, 10, 283, '2024-03-12 06:46:05', '2024-03-12 06:46:05'),
(284, 10, 284, '2024-03-12 06:46:05', '2024-03-12 06:46:05'),
(285, 10, 285, '2024-03-12 06:46:05', '2024-03-12 06:46:05'),
(286, 10, 286, '2024-03-12 06:46:05', '2024-03-12 06:46:05'),
(287, 10, 287, '2024-03-12 06:46:05', '2024-03-12 06:46:05'),
(288, 10, 288, '2024-03-12 06:46:05', '2024-03-12 06:46:05'),
(289, 10, 289, '2024-03-12 06:46:05', '2024-03-12 06:46:05'),
(290, 10, 290, '2024-03-12 06:46:05', '2024-03-12 06:46:05'),
(291, 10, 291, '2024-03-12 06:46:05', '2024-03-12 06:46:05'),
(292, 10, 292, '2024-03-12 06:46:05', '2024-03-12 06:46:05'),
(293, 10, 293, '2024-03-12 06:46:05', '2024-03-12 06:46:05'),
(294, 10, 294, '2024-03-12 06:46:05', '2024-03-12 06:46:05'),
(295, 10, 295, '2024-03-12 06:46:05', '2024-03-12 06:46:05'),
(296, 10, 296, '2024-03-12 06:46:05', '2024-03-12 06:46:05'),
(297, 10, 297, '2024-03-12 06:46:05', '2024-03-12 06:46:05'),
(298, 10, 298, '2024-03-12 06:46:05', '2024-03-12 06:46:05'),
(299, 10, 299, '2024-03-12 06:46:05', '2024-03-12 06:46:05'),
(300, 10, 300, '2024-03-12 06:46:05', '2024-03-12 06:46:05'),
(301, 10, 301, '2024-03-12 06:46:05', '2024-03-12 06:46:05'),
(302, 10, 302, '2024-03-12 06:46:05', '2024-03-12 06:46:05'),
(303, 10, 303, '2024-03-12 06:46:05', '2024-03-12 06:46:05'),
(304, 10, 304, '2024-03-12 06:46:05', '2024-03-12 06:46:05'),
(305, 10, 305, '2024-03-12 06:46:05', '2024-03-12 06:46:05'),
(306, 10, 306, '2024-03-12 06:46:05', '2024-03-12 06:46:05'),
(307, 10, 307, '2024-03-12 06:46:05', '2024-03-12 06:46:05'),
(308, 10, 308, '2024-03-12 06:46:05', '2024-03-12 06:46:05'),
(309, 10, 309, '2024-03-12 06:46:05', '2024-03-12 06:46:05'),
(310, 10, 310, '2024-03-12 06:46:05', '2024-03-12 06:46:05'),
(311, 10, 311, '2024-03-12 06:46:05', '2024-03-12 06:46:05'),
(312, 10, 312, '2024-03-12 06:46:05', '2024-03-12 06:46:05'),
(313, 10, 313, '2024-03-12 06:46:05', '2024-03-12 06:46:05'),
(314, 12, 314, '2024-03-12 06:46:05', '2024-03-12 06:46:05'),
(315, 12, 315, '2024-03-12 06:46:05', '2024-03-12 06:46:05'),
(316, 12, 316, '2024-03-12 06:46:05', '2024-03-12 06:46:05'),
(317, 12, 317, '2024-03-12 06:46:05', '2024-03-12 06:46:05'),
(318, 12, 318, '2024-03-12 06:46:05', '2024-03-12 06:46:05'),
(319, 12, 319, '2024-03-12 06:46:05', '2024-03-12 06:46:05'),
(320, 12, 320, '2024-03-12 06:46:05', '2024-03-12 06:46:05'),
(321, 12, 321, '2024-03-12 06:46:05', '2024-03-12 06:46:05'),
(322, 12, 322, '2024-03-12 06:46:05', '2024-03-12 06:46:05'),
(323, 12, 323, '2024-03-12 06:46:05', '2024-03-12 06:46:05'),
(324, 12, 324, '2024-03-12 06:46:05', '2024-03-12 06:46:05'),
(325, 12, 325, '2024-03-12 06:46:05', '2024-03-12 06:46:05'),
(326, 12, 326, '2024-03-12 06:46:05', '2024-03-12 06:46:05'),
(327, 4, 327, '2024-03-12 06:46:05', '2024-03-12 06:46:05'),
(328, 4, 328, '2024-03-12 06:46:05', '2024-03-12 06:46:05'),
(329, 4, 329, '2024-03-12 06:46:05', '2024-03-12 06:46:05'),
(330, 4, 330, '2024-03-12 06:46:05', '2024-03-12 06:46:05'),
(331, 4, 331, '2024-03-12 06:46:05', '2024-03-12 06:46:05'),
(332, 4, 332, '2024-03-12 06:46:05', '2024-03-12 06:46:05'),
(333, 4, 333, '2024-03-12 06:46:05', '2024-03-12 06:46:05'),
(334, 4, 334, '2024-03-12 06:46:05', '2024-03-12 06:46:05'),
(335, 9, 335, '2024-03-12 06:46:05', '2024-03-12 06:46:05'),
(336, 9, 336, '2024-03-12 06:46:05', '2024-03-12 06:46:05'),
(337, 9, 337, '2024-03-12 06:46:05', '2024-03-12 06:46:05'),
(338, 9, 338, '2024-03-12 06:46:05', '2024-03-12 06:46:05'),
(339, 9, 339, '2024-03-12 06:46:05', '2024-03-12 06:46:05'),
(340, 9, 340, '2024-03-12 06:46:05', '2024-03-12 06:46:05'),
(341, 9, 341, '2024-03-12 06:46:05', '2024-03-12 06:46:05'),
(342, 9, 342, '2024-03-12 06:46:05', '2024-03-12 06:46:05'),
(343, 9, 343, '2024-03-12 06:46:05', '2024-03-12 06:46:05'),
(344, 9, 344, '2024-03-12 06:46:05', '2024-03-12 06:46:05'),
(345, 9, 345, '2024-03-12 06:46:05', '2024-03-12 06:46:05'),
(346, 9, 346, '2024-03-12 06:46:05', '2024-03-12 06:46:05'),
(347, 9, 347, '2024-03-12 06:46:05', '2024-03-12 06:46:05'),
(348, 9, 348, '2024-03-12 06:46:05', '2024-03-12 06:46:05'),
(349, 9, 349, '2024-03-12 06:46:05', '2024-03-12 06:46:05'),
(350, 9, 350, '2024-03-12 06:46:05', '2024-03-12 06:46:05'),
(351, 9, 351, '2024-03-12 06:46:05', '2024-03-12 06:46:05'),
(352, 9, 352, '2024-03-12 06:46:05', '2024-03-12 06:46:05'),
(353, 9, 353, '2024-03-12 06:46:05', '2024-03-12 06:46:05'),
(354, 9, 354, '2024-03-12 06:46:05', '2024-03-12 06:46:05'),
(355, 9, 355, '2024-03-12 06:46:05', '2024-03-12 06:46:05'),
(356, 9, 356, '2024-03-12 06:46:05', '2024-03-12 06:46:05'),
(357, 9, 357, '2024-03-12 06:46:05', '2024-03-12 06:46:05'),
(358, 9, 358, '2024-03-12 06:46:05', '2024-03-12 06:46:05'),
(359, 9, 359, '2024-03-12 06:46:05', '2024-03-12 06:46:05'),
(360, 9, 360, '2024-03-12 06:46:05', '2024-03-12 06:46:05'),
(361, 9, 361, '2024-03-12 06:46:05', '2024-03-12 06:46:05'),
(362, 5, 362, '2024-03-12 06:46:05', '2024-03-12 06:46:05'),
(363, 5, 363, '2024-03-12 06:46:05', '2024-03-12 06:46:05'),
(364, 5, 364, '2024-03-12 06:46:05', '2024-03-12 06:46:05'),
(365, 5, 365, '2024-03-12 06:46:05', '2024-03-12 06:46:05'),
(366, 5, 366, '2024-03-12 06:46:05', '2024-03-12 06:46:05'),
(367, 5, 367, '2024-03-12 06:46:05', '2024-03-12 06:46:05'),
(368, 5, 368, '2024-03-12 06:46:05', '2024-03-12 06:46:05'),
(369, 5, 369, '2024-03-12 06:46:05', '2024-03-12 06:46:05'),
(370, 5, 370, '2024-03-12 06:46:05', '2024-03-12 06:46:05'),
(371, 5, 371, '2024-03-12 06:46:05', '2024-03-12 06:46:05'),
(372, 5, 372, '2024-03-12 06:46:05', '2024-03-12 06:46:05'),
(373, 5, 373, '2024-03-12 06:46:05', '2024-03-12 06:46:05'),
(374, 5, 374, '2024-03-12 06:46:05', '2024-03-12 06:46:05'),
(375, 5, 375, '2024-03-12 06:46:05', '2024-03-12 06:46:05'),
(376, 5, 376, '2024-03-12 06:46:05', '2024-03-12 06:46:05'),
(377, 5, 377, '2024-03-12 06:46:05', '2024-03-12 06:46:05'),
(378, 5, 378, '2024-03-12 06:46:05', '2024-03-12 06:46:05'),
(379, 5, 379, '2024-03-12 06:46:05', '2024-03-12 06:46:05'),
(380, 5, 380, '2024-03-12 06:46:05', '2024-03-12 06:46:05'),
(381, 5, 381, '2024-03-12 06:46:05', '2024-03-12 06:46:05'),
(382, 5, 382, '2024-03-12 06:46:05', '2024-03-12 06:46:05'),
(383, 5, 383, '2024-03-12 06:46:05', '2024-03-12 06:46:05'),
(384, 5, 384, '2024-03-12 06:46:05', '2024-03-12 06:46:05'),
(385, 5, 385, '2024-03-12 06:46:05', '2024-03-12 06:46:05'),
(386, 5, 386, '2024-03-12 06:46:05', '2024-03-12 06:46:05'),
(387, 5, 387, '2024-03-12 06:46:05', '2024-03-12 06:46:05'),
(388, 5, 388, '2024-03-12 06:46:05', '2024-03-12 06:46:05'),
(389, 5, 389, '2024-03-12 06:46:05', '2024-03-12 06:46:05'),
(390, 5, 390, '2024-03-12 06:46:05', '2024-03-12 06:46:05'),
(391, 5, 391, '2024-03-12 06:46:05', '2024-03-12 06:46:05'),
(392, 5, 392, '2024-03-12 06:46:05', '2024-03-12 06:46:05'),
(393, 5, 393, '2024-03-12 06:46:05', '2024-03-12 06:46:05'),
(394, 5, 394, '2024-03-12 06:46:05', '2024-03-12 06:46:05'),
(395, 5, 395, '2024-03-12 06:46:05', '2024-03-12 06:46:05'),
(396, 5, 396, '2024-03-12 06:46:05', '2024-03-12 06:46:05'),
(397, 5, 397, '2024-03-12 06:46:05', '2024-03-12 06:46:05'),
(398, 5, 398, '2024-03-12 06:46:05', '2024-03-12 06:46:05'),
(399, 5, 399, '2024-03-12 06:46:05', '2024-03-12 06:46:05'),
(400, 5, 400, '2024-03-12 06:46:05', '2024-03-12 06:46:05'),
(401, 6, 401, '2024-03-12 06:46:05', '2024-03-12 06:46:05'),
(402, 6, 402, '2024-03-12 06:46:05', '2024-03-12 06:46:05'),
(403, 6, 403, '2024-03-12 06:46:05', '2024-03-12 06:46:05'),
(404, 6, 404, '2024-03-12 06:46:05', '2024-03-12 06:46:05'),
(405, 6, 405, '2024-03-12 06:46:05', '2024-03-12 06:46:05'),
(406, 6, 406, '2024-03-12 06:46:05', '2024-03-12 06:46:05'),
(407, 6, 407, '2024-03-12 06:46:05', '2024-03-12 06:46:05'),
(408, 6, 408, '2024-03-12 06:46:05', '2024-03-12 06:46:05'),
(409, 6, 409, '2024-03-12 06:46:05', '2024-03-12 06:46:05'),
(410, 6, 410, '2024-03-12 06:46:05', '2024-03-12 06:46:05'),
(411, 6, 411, '2024-03-12 06:46:05', '2024-03-12 06:46:05'),
(412, 6, 412, '2024-03-12 06:46:05', '2024-03-12 06:46:05'),
(413, 6, 413, '2024-03-12 06:46:05', '2024-03-12 06:46:05'),
(414, 6, 414, '2024-03-12 06:46:05', '2024-03-12 06:46:05'),
(415, 6, 415, '2024-03-12 06:46:05', '2024-03-12 06:46:05'),
(416, 8, 416, '2024-03-12 06:46:05', '2024-03-12 06:46:05'),
(417, 8, 417, '2024-03-12 06:46:05', '2024-03-12 06:46:05'),
(418, 8, 418, '2024-03-12 06:46:05', '2024-03-12 06:46:05'),
(419, 8, 419, '2024-03-12 06:46:05', '2024-03-12 06:46:05'),
(420, 8, 420, '2024-03-12 06:46:05', '2024-03-12 06:46:05'),
(421, 8, 421, '2024-03-12 06:46:05', '2024-03-12 06:46:05'),
(422, 8, 422, '2024-03-12 06:46:05', '2024-03-12 06:46:05'),
(423, 8, 423, '2024-03-12 06:46:05', '2024-03-12 06:46:05'),
(424, 8, 424, '2024-03-12 06:46:05', '2024-03-12 06:46:05'),
(425, 8, 425, '2024-03-12 06:46:05', '2024-03-12 06:46:05'),
(426, 8, 426, '2024-03-12 06:46:05', '2024-03-12 06:46:05'),
(427, 8, 427, '2024-03-12 06:46:05', '2024-03-12 06:46:05'),
(428, 8, 428, '2024-03-12 06:46:05', '2024-03-12 06:46:05'),
(429, 8, 429, '2024-03-12 06:46:05', '2024-03-12 06:46:05'),
(430, 8, 430, '2024-03-12 06:46:05', '2024-03-12 06:46:05'),
(431, 8, 431, '2024-03-12 06:46:05', '2024-03-12 06:46:05'),
(432, 11, 432, '2024-03-12 06:46:05', '2024-03-12 06:46:05'),
(433, 11, 433, '2024-03-12 06:46:05', '2024-03-12 06:46:05'),
(434, 11, 434, '2024-03-12 06:46:05', '2024-03-12 06:46:05'),
(435, 11, 435, '2024-03-12 06:46:05', '2024-03-12 06:46:05'),
(436, 11, 436, '2024-03-12 06:46:05', '2024-03-12 06:46:05'),
(437, 11, 437, '2024-03-12 06:46:05', '2024-03-12 06:46:05'),
(438, 11, 438, '2024-03-12 06:46:05', '2024-03-12 06:46:05'),
(439, 11, 439, '2024-03-12 06:46:06', '2024-03-12 06:46:06'),
(440, 11, 440, '2024-03-12 06:46:06', '2024-03-12 06:46:06'),
(441, 11, 441, '2024-03-12 06:46:06', '2024-03-12 06:46:06'),
(442, 11, 442, '2024-03-12 06:46:06', '2024-03-12 06:46:06'),
(443, 11, 443, '2024-03-12 06:46:06', '2024-03-12 06:46:06'),
(444, 11, 444, '2024-03-12 06:46:06', '2024-03-12 06:46:06'),
(445, 11, 445, '2024-03-12 06:46:06', '2024-03-12 06:46:06'),
(446, 11, 446, '2024-03-12 06:46:06', '2024-03-12 06:46:06'),
(447, 11, 447, '2024-03-12 06:46:06', '2024-03-12 06:46:06'),
(448, 11, 448, '2024-03-12 06:46:06', '2024-03-12 06:46:06'),
(449, 11, 449, '2024-03-12 06:46:06', '2024-03-12 06:46:06'),
(450, 7, 450, '2024-03-12 06:46:06', '2024-03-12 06:46:06'),
(451, 7, 451, '2024-03-12 06:46:06', '2024-03-12 06:46:06'),
(452, 7, 452, '2024-03-12 06:46:06', '2024-03-12 06:46:06'),
(453, 7, 453, '2024-03-12 06:46:06', '2024-03-12 06:46:06'),
(454, 7, 454, '2024-03-12 06:46:06', '2024-03-12 06:46:06'),
(455, 7, 455, '2024-03-12 06:46:06', '2024-03-12 06:46:06'),
(456, 7, 456, '2024-03-12 06:46:06', '2024-03-12 06:46:06'),
(457, 7, 457, '2024-03-12 06:46:06', '2024-03-12 06:46:06'),
(458, 7, 458, '2024-03-12 06:46:06', '2024-03-12 06:46:06'),
(459, 7, 459, '2024-03-12 06:46:06', '2024-03-12 06:46:06'),
(460, 7, 460, '2024-03-12 06:46:06', '2024-03-12 06:46:06'),
(461, 7, 461, '2024-03-12 06:46:06', '2024-03-12 06:46:06'),
(462, 7, 462, '2024-03-12 06:46:06', '2024-03-12 06:46:06'),
(463, 7, 463, '2024-03-12 06:46:06', '2024-03-12 06:46:06'),
(464, 7, 464, '2024-03-12 06:46:06', '2024-03-12 06:46:06'),
(465, 7, 465, '2024-03-12 06:46:06', '2024-03-12 06:46:06');

-- --------------------------------------------------------

--
-- Tablo için tablo yapısı `local_broadcasts`
--

CREATE TABLE `local_broadcasts` (
  `id` bigint(20) UNSIGNED NOT NULL,
  `report_number` varchar(255) NOT NULL,
  `stations_id` bigint(20) UNSIGNED NOT NULL,
  `report_date` date NOT NULL DEFAULT '2024-03-12',
  `frequencies_id` bigint(20) UNSIGNED NOT NULL,
  `program_names_id` bigint(20) UNSIGNED NOT NULL,
  `directions_id` bigint(20) UNSIGNED NOT NULL,
  `program_languages_id` bigint(20) UNSIGNED NOT NULL,
  `emfs_level` double(8,2) NOT NULL,
  `response_direction` int(11) NOT NULL,
  `polarization` varchar(255) NOT NULL,
  `response_quality` varchar(255) NOT NULL,
  `note` text DEFAULT NULL,
  `device` varchar(255) NOT NULL,
  `accepted_status` int(11) NOT NULL DEFAULT 0,
  `deleted_at` timestamp NULL DEFAULT NULL,
  `created_at` timestamp NULL DEFAULT NULL,
  `updated_at` timestamp NULL DEFAULT NULL
) ENGINE=InnoDB DEFAULT CHARSET=utf8mb4 COLLATE=utf8mb4_unicode_ci;

--
-- Tablo döküm verisi `local_broadcasts`
--

INSERT INTO `local_broadcasts` (`id`, `report_number`, `stations_id`, `report_date`, `frequencies_id`, `program_names_id`, `directions_id`, `program_languages_id`, `emfs_level`, `response_direction`, `polarization`, `response_quality`, `note`, `device`, `accepted_status`, `deleted_at`, `created_at`, `updated_at`) VALUES
(1, 'LR-265321', 3, '2024-03-12', 3, 2, 4, 2, 65.50, 300, '2', 'Yaxşı', NULL, 'Promax', 1, NULL, '2024-03-12 07:01:26', '2024-03-12 07:03:13'),
(2, 'LR-265321', 3, '2024-03-12', 6, 5, 4, 2, 45.50, 120, '2', 'Zəif', NULL, 'Promax', 2, NULL, '2024-03-12 07:01:26', '2024-03-12 07:03:22');

-- --------------------------------------------------------

--
-- Tablo için tablo yapısı `logs`
--

CREATE TABLE `logs` (
  `id` bigint(20) UNSIGNED NOT NULL,
  `ip_address` varchar(45) NOT NULL,
  `mac_address` varchar(17) NOT NULL,
  `type` varchar(255) NOT NULL,
  `content` text NOT NULL,
  `created_at` timestamp NULL DEFAULT NULL,
  `updated_at` timestamp NULL DEFAULT NULL
) ENGINE=InnoDB DEFAULT CHARSET=utf8mb4 COLLATE=utf8mb4_unicode_ci;

-- --------------------------------------------------------

--
-- Tablo için tablo yapısı `migrations`
--

CREATE TABLE `migrations` (
  `id` int(10) UNSIGNED NOT NULL,
  `migration` varchar(255) NOT NULL,
  `batch` int(11) NOT NULL
) ENGINE=InnoDB DEFAULT CHARSET=utf8mb4 COLLATE=utf8mb4_unicode_ci;

--
-- Tablo döküm verisi `migrations`
--

INSERT INTO `migrations` (`id`, `migration`, `batch`) VALUES
(1, '2014_10_12_100000_create_password_reset_tokens_table', 1),
(2, '2014_10_12_100000_create_password_resets_table', 1),
(3, '2019_08_19_000000_create_failed_jobs_table', 1),
(4, '2019_12_14_000001_create_personal_access_tokens_table', 1),
(5, '2024_02_29_061418_create_program_names_table', 1),
(6, '2024_02_29_061428_create_directions_table', 1),
(7, '2024_02_29_061442_create_program_locations_table', 1),
(8, '2024_02_29_061451_create_program_languages_table', 1),
(9, '2024_03_04_063904_create_notifications_table', 1),
(10, '2024_03_05_052009_create_permission_tables', 1),
(11, '2024_03_05_052010_create_polarizations_table', 1),
(12, '2024_03_05_062011_create_frequencies_table', 1),
(13, '2024_03_05_062012_create_stations_table', 1),
(14, '2024_03_05_062013_create_stations_frequencies_table', 1),
(15, '2024_03_05_062014_create_users_table', 1),
(16, '2024_03_05_062015_create_local_broadcasts_table', 1),
(17, '2024_03_05_062016_create_foreign_broadcasts_table', 1),
(18, '2024_03_05_062017_create_edit_reasons_table', 1),
(19, '2024_03_12_085754_create_logs_table', 1);

-- --------------------------------------------------------

--
-- Tablo için tablo yapısı `model_has_permissions`
--

CREATE TABLE `model_has_permissions` (
  `permission_id` bigint(20) UNSIGNED NOT NULL,
  `model_type` varchar(255) NOT NULL,
  `model_id` bigint(20) UNSIGNED NOT NULL
) ENGINE=InnoDB DEFAULT CHARSET=utf8mb4 COLLATE=utf8mb4_unicode_ci;

-- --------------------------------------------------------

--
-- Tablo için tablo yapısı `model_has_roles`
--

CREATE TABLE `model_has_roles` (
  `role_id` bigint(20) UNSIGNED NOT NULL,
  `model_type` varchar(255) NOT NULL,
  `model_id` bigint(20) UNSIGNED NOT NULL
) ENGINE=InnoDB DEFAULT CHARSET=utf8mb4 COLLATE=utf8mb4_unicode_ci;

--
-- Tablo döküm verisi `model_has_roles`
--

INSERT INTO `model_has_roles` (`role_id`, `model_type`, `model_id`) VALUES
(1, 'App\\Models\\User', 1);

-- --------------------------------------------------------

--
-- Tablo için tablo yapısı `notifications`
--

CREATE TABLE `notifications` (
  `id` bigint(20) UNSIGNED NOT NULL,
  `sender` varchar(255) NOT NULL,
  `receiver` varchar(255) NOT NULL,
  `lreport_number` varchar(255) DEFAULT NULL,
  `freport_number` varchar(255) DEFAULT NULL,
  `content` text NOT NULL,
  `s_read` int(11) NOT NULL,
  `r_read` int(11) NOT NULL,
  `deleted_at` timestamp NULL DEFAULT NULL,
  `created_at` timestamp NULL DEFAULT NULL,
  `updated_at` timestamp NULL DEFAULT NULL
) ENGINE=InnoDB DEFAULT CHARSET=utf8mb4 COLLATE=utf8mb4_unicode_ci;

--
-- Tablo döküm verisi `notifications`
--

INSERT INTO `notifications` (`id`, `sender`, `receiver`, `lreport_number`, `freport_number`, `content`, `s_read`, `r_read`, `deleted_at`, `created_at`, `updated_at`) VALUES
(1, 'Bakı şəhəri üzrə 3 saylı məntəqə (Günəşli)', 'admin', NULL, NULL, '2024-03-12 tarixi üçün Bakı şəhəri üzrə 3 saylı məntəqə (Günəşli) tərəfindən yerli ölçmələrin hesabatı sistemə daxil olundu.', 0, 0, NULL, '2024-03-12 07:01:26', '2024-03-12 07:01:26'),
(2, 'Bakı şəhəri üzrə 3 saylı məntəqə (Günəşli)', 'admin', NULL, NULL, '2024-03-12 tarixi üçün Bakı şəhəri üzrə 3 saylı məntəqə (Günəşli) tərəfindən kənar ölçmələrin hesabatı sistemə daxil olundu.', 0, 0, NULL, '2024-03-12 07:02:30', '2024-03-12 07:02:30'),
(3, 'admin', 'Bakı şəhəri üzrə 3 saylı məntəqə (Günəşli)', NULL, NULL, '2024-03-12 tarixi üçün Bakı şəhəri üzrə 3 saylı məntəqə (Günəşli) tərəfindən göndərilən yerli ölçmələrin hesabatı təsdiq edildi.', 0, 0, NULL, '2024-03-12 07:03:13', '2024-03-12 07:03:13'),
(4, 'admin', 'Bakı şəhəri üzrə 3 saylı məntəqə (Günəşli)', NULL, NULL, '2024-03-12 tarixi üçün Bakı şəhəri üzrə 3 saylı məntəqə (Günəşli) tərəfindən göndərilən yerli ölçmələrin hesabatı düzəliş üçün geri göndərildi.', 0, 0, NULL, '2024-03-12 07:03:22', '2024-03-12 07:03:22');

-- --------------------------------------------------------

--
-- Tablo için tablo yapısı `password_resets`
--

CREATE TABLE `password_resets` (
  `email` varchar(255) NOT NULL,
  `token` varchar(255) NOT NULL,
  `created_at` timestamp NULL DEFAULT NULL
) ENGINE=InnoDB DEFAULT CHARSET=utf8mb4 COLLATE=utf8mb4_unicode_ci;

-- --------------------------------------------------------

--
-- Tablo için tablo yapısı `password_reset_tokens`
--

CREATE TABLE `password_reset_tokens` (
  `email` varchar(255) NOT NULL,
  `token` varchar(255) NOT NULL,
  `created_at` timestamp NULL DEFAULT NULL
) ENGINE=InnoDB DEFAULT CHARSET=utf8mb4 COLLATE=utf8mb4_unicode_ci;

-- --------------------------------------------------------

--
-- Tablo için tablo yapısı `permissions`
--

CREATE TABLE `permissions` (
  `id` bigint(20) UNSIGNED NOT NULL,
  `name` varchar(255) NOT NULL,
  `guard_name` varchar(255) NOT NULL,
  `created_at` timestamp NULL DEFAULT NULL,
  `updated_at` timestamp NULL DEFAULT NULL
) ENGINE=InnoDB DEFAULT CHARSET=utf8mb4 COLLATE=utf8mb4_unicode_ci;

--
-- Tablo döküm verisi `permissions`
--

INSERT INTO `permissions` (`id`, `name`, `guard_name`, `created_at`, `updated_at`) VALUES
(1, 'Məntəqələr', 'web', '2024-03-12 06:43:31', '2024-03-12 06:43:31'),
(2, 'Məlumatlar', 'web', '2024-03-12 06:43:31', '2024-03-12 06:43:31'),
(3, 'İstifadəçilər', 'web', '2024-03-12 06:43:31', '2024-03-12 06:43:31'),
(4, 'Bütün məntəqələr', 'web', '2024-03-12 06:43:31', '2024-03-12 06:43:31'),
(5, 'Yeni məntəqə yaratmaq', 'web', '2024-03-12 06:43:31', '2024-03-12 06:43:31'),
(6, 'Tezliklər', 'web', '2024-03-12 06:43:31', '2024-03-12 06:43:31'),
(7, 'Proqram adları', 'web', '2024-03-12 06:43:31', '2024-03-12 06:43:31'),
(8, 'İstiqamətlər', 'web', '2024-03-12 06:43:31', '2024-03-12 06:43:31'),
(9, 'Yayım yerləri', 'web', '2024-03-12 06:43:31', '2024-03-12 06:43:31'),
(10, 'Proqram dilləri', 'web', '2024-03-12 06:43:31', '2024-03-12 06:43:31'),
(11, 'Məntəqələr üzrə istifadəçilər', 'web', '2024-03-12 06:43:31', '2024-03-12 06:43:31'),
(12, 'Sistem istifadəçiləri', 'web', '2024-03-12 06:43:31', '2024-03-12 06:43:31'),
(13, 'Vəzifələr', 'web', '2024-03-12 06:43:31', '2024-03-12 06:43:31'),
(14, 'Bakı şəhəri üzrə 1 saylı məntəqə (Mehdiabad)', 'web', '2024-03-12 06:43:31', '2024-03-12 06:43:31'),
(15, 'Bakı şəhəri üzrə 2 saylı məntəqə (Yasamal)', 'web', '2024-03-12 06:43:31', '2024-03-12 06:43:31'),
(16, 'Bakı şəhəri üzrə 3 saylı məntəqə (Günəşli)', 'web', '2024-03-12 06:43:31', '2024-03-12 06:43:31'),
(17, 'Gəncə regional məntəqəsi', 'web', '2024-03-12 06:43:31', '2024-03-12 06:43:31'),
(18, 'Qazax regional məntəqəsi', 'web', '2024-03-12 06:43:31', '2024-03-12 06:43:31'),
(19, 'Qəbələ regional məntəqəsi', 'web', '2024-03-12 06:43:31', '2024-03-12 06:43:31'),
(20, 'Zaqatala regional məntəqəsi', 'web', '2024-03-12 06:43:31', '2024-03-12 06:43:31'),
(21, 'Quba regional məntəqəsi', 'web', '2024-03-12 06:43:31', '2024-03-12 06:43:31'),
(22, 'Masallı regional məntəqəsi', 'web', '2024-03-12 06:43:31', '2024-03-12 06:43:31'),
(23, 'Astara regional məntəqəsi', 'web', '2024-03-12 06:43:31', '2024-03-12 06:43:31'),
(24, 'Şirvan regional məntəqəsi', 'web', '2024-03-12 06:43:31', '2024-03-12 06:43:31'),
(25, 'Beyləqan regional  məntəqəsi', 'web', '2024-03-12 06:43:31', '2024-03-12 06:43:31');

-- --------------------------------------------------------

--
-- Tablo için tablo yapısı `personal_access_tokens`
--

CREATE TABLE `personal_access_tokens` (
  `id` bigint(20) UNSIGNED NOT NULL,
  `tokenable_type` varchar(255) NOT NULL,
  `tokenable_id` bigint(20) UNSIGNED NOT NULL,
  `name` varchar(255) NOT NULL,
  `token` varchar(64) NOT NULL,
  `abilities` text DEFAULT NULL,
  `last_used_at` timestamp NULL DEFAULT NULL,
  `expires_at` timestamp NULL DEFAULT NULL,
  `created_at` timestamp NULL DEFAULT NULL,
  `updated_at` timestamp NULL DEFAULT NULL
) ENGINE=InnoDB DEFAULT CHARSET=utf8mb4 COLLATE=utf8mb4_unicode_ci;

-- --------------------------------------------------------

--
-- Tablo için tablo yapısı `polarizations`
--

CREATE TABLE `polarizations` (
  `id` bigint(20) UNSIGNED NOT NULL,
  `name` varchar(255) NOT NULL,
  `status` int(11) NOT NULL DEFAULT 1,
  `deleted_at` timestamp NULL DEFAULT NULL,
  `created_at` timestamp NULL DEFAULT NULL,
  `updated_at` timestamp NULL DEFAULT NULL
) ENGINE=InnoDB DEFAULT CHARSET=utf8mb4 COLLATE=utf8mb4_unicode_ci;

--
-- Tablo döküm verisi `polarizations`
--

INSERT INTO `polarizations` (`id`, `name`, `status`, `deleted_at`, `created_at`, `updated_at`) VALUES
(1, 'H', 1, NULL, '2024-03-12 06:43:31', '2024-03-12 06:43:31'),
(2, 'V', 1, NULL, '2024-03-12 06:43:31', '2024-03-12 06:43:31');

-- --------------------------------------------------------

--
-- Tablo için tablo yapısı `program_languages`
--

CREATE TABLE `program_languages` (
  `id` bigint(20) UNSIGNED NOT NULL,
  `name` varchar(255) NOT NULL,
  `status` int(11) NOT NULL DEFAULT 1,
  `deleted_at` timestamp NULL DEFAULT NULL,
  `created_at` timestamp NULL DEFAULT NULL,
  `updated_at` timestamp NULL DEFAULT NULL
) ENGINE=InnoDB DEFAULT CHARSET=utf8mb4 COLLATE=utf8mb4_unicode_ci;

--
-- Tablo döküm verisi `program_languages`
--

INSERT INTO `program_languages` (`id`, `name`, `status`, `deleted_at`, `created_at`, `updated_at`) VALUES
(1, 'Azərbaycan', 1, NULL, '2024-03-12 06:43:31', '2024-03-12 06:43:31'),
(2, 'Fars', 1, NULL, '2024-03-12 06:43:31', '2024-03-12 06:43:31'),
(3, 'Fars-Azəri', 1, NULL, '2024-03-12 06:43:31', '2024-03-12 06:43:31'),
(4, 'Rus', 1, NULL, '2024-03-12 06:43:31', '2024-03-12 06:43:31'),
(5, 'Gürcü', 1, NULL, '2024-03-12 06:43:31', '2024-03-12 06:43:31'),
(6, 'Erməni', 1, NULL, '2024-03-12 06:43:31', '2024-03-12 06:43:31'),
(7, 'Orta Asiya dilləri', 1, NULL, '2024-03-12 06:43:31', '2024-03-12 06:43:31'),
(8, 'Təyin edilməyib', 1, NULL, '2024-03-12 06:43:31', '2024-03-12 06:43:31');

-- --------------------------------------------------------

--
-- Tablo için tablo yapısı `program_locations`
--

CREATE TABLE `program_locations` (
  `id` bigint(20) UNSIGNED NOT NULL,
  `name` varchar(255) NOT NULL,
  `status` int(11) NOT NULL DEFAULT 1,
  `deleted_at` timestamp NULL DEFAULT NULL,
  `created_at` timestamp NULL DEFAULT NULL,
  `updated_at` timestamp NULL DEFAULT NULL
) ENGINE=InnoDB DEFAULT CHARSET=utf8mb4 COLLATE=utf8mb4_unicode_ci;

--
-- Tablo döküm verisi `program_locations`
--

INSERT INTO `program_locations` (`id`, `name`, `status`, `deleted_at`, `created_at`, `updated_at`) VALUES
(1, 'Təyin edilməyib', 1, NULL, '2024-03-12 06:43:31', '2024-03-12 06:43:31'),
(2, 'Zibakenar', 1, NULL, '2024-03-12 06:43:31', '2024-03-12 06:43:31'),
(3, 'Astara (gln)', 1, NULL, '2024-03-12 06:43:31', '2024-03-12 06:43:31'),
(4, 'Kuh-e Sangar', 1, NULL, '2024-03-12 06:43:31', '2024-03-12 06:43:31'),
(5, 'Talesh (gln)', 1, NULL, '2024-03-12 06:43:31', '2024-03-12 06:43:31'),
(6, 'Kuh-e Sangar (gln)', 1, NULL, '2024-03-12 06:43:31', '2024-03-12 06:43:31'),
(7, 'Zibakenar (gln)', 1, NULL, '2024-03-12 06:43:31', '2024-03-12 06:43:31'),
(8, 'Kuh-e Sangar (ard)', 1, NULL, '2024-03-12 06:43:31', '2024-03-12 06:43:31'),
(9, 'Moghan', 1, NULL, '2024-03-12 06:43:31', '2024-03-12 06:43:31'),
(10, 'Moghan və Parsabad', 1, NULL, '2024-03-12 06:43:31', '2024-03-12 06:43:31'),
(11, 'Kakheti, Dedoplistskaro', 1, NULL, '2024-03-12 06:43:31', '2024-03-12 06:43:31'),
(12, 'Kakheti, Telavi', 1, NULL, '2024-03-12 06:43:31', '2024-03-12 06:43:31'),
(13, 'Kakheti, Gurjaani ', 1, NULL, '2024-03-12 06:43:31', '2024-03-12 06:43:31'),
(14, 'Tbilisi, Mtazminda ', 1, NULL, '2024-03-12 06:43:31', '2024-03-12 06:43:31'),
(15, 'Tbilisi', 1, NULL, '2024-03-12 06:43:31', '2024-03-12 06:43:31'),
(16, 'Sevkar, Tavush', 1, NULL, '2024-03-12 06:43:31', '2024-03-12 06:43:31'),
(17, 'Tbilisi, Mtazminda', 1, NULL, '2024-03-12 06:43:31', '2024-03-12 06:43:31'),
(18, 'Rustavi/Hotel Rustavi', 1, NULL, '2024-03-12 06:43:31', '2024-03-12 06:43:31'),
(19, 'Tbilisi ', 1, NULL, '2024-03-12 06:43:31', '2024-03-12 06:43:31'),
(20, 'Tbilisi, Vake West', 1, NULL, '2024-03-12 06:43:31', '2024-03-12 06:43:31'),
(21, 'Tbilisi/Vake', 1, NULL, '2024-03-12 06:43:31', '2024-03-12 06:43:31'),
(22, 'Rustavi, Kvemo Kartli ', 1, NULL, '2024-03-12 06:43:31', '2024-03-12 06:43:31'),
(23, 'Chinchin, Tavush', 1, NULL, '2024-03-12 06:43:31', '2024-03-12 06:43:31'),
(24, 'Voskepar (Əksipara), Tavush', 1, NULL, '2024-03-12 06:43:31', '2024-03-12 06:43:31'),
(25, 'Tbilisi, Makhata Mountain', 1, NULL, '2024-03-12 06:43:31', '2024-03-12 06:43:31'),
(26, 'Armenia Sunik', 1, NULL, '2024-03-12 06:43:31', '2024-03-12 06:43:31'),
(27, 'Rusiya', 1, NULL, '2024-03-12 06:43:31', '2024-03-12 06:43:31'),
(28, 'Derbend', 1, NULL, '2024-03-12 06:43:31', '2024-03-12 06:43:31'),
(29, 'Derbend  RTS Dzhalgan ', 1, NULL, '2024-03-12 06:43:31', '2024-03-12 06:43:31'),
(30, 'Mayak', 1, NULL, '2024-03-12 06:43:31', '2024-03-12 06:43:31'),
(31, 'İran', 1, NULL, '2024-03-12 06:43:31', '2024-03-12 06:43:31'),
(32, 'Kuh-e Sangar və Parsabad', 1, NULL, '2024-03-12 06:43:31', '2024-03-12 06:43:31'),
(33, 'Dedoplistskaro', 1, NULL, '2024-03-12 06:43:31', '2024-03-12 06:43:31'),
(34, 'Telavi\\Tsivi', 1, NULL, '2024-03-12 06:43:31', '2024-03-12 06:43:31'),
(35, 'Kvareli', 1, NULL, '2024-03-12 06:43:31', '2024-03-12 06:43:31');

-- --------------------------------------------------------

--
-- Tablo için tablo yapısı `program_names`
--

CREATE TABLE `program_names` (
  `id` bigint(20) UNSIGNED NOT NULL,
  `name` varchar(255) NOT NULL,
  `status` int(11) NOT NULL DEFAULT 1,
  `deleted_at` timestamp NULL DEFAULT NULL,
  `created_at` timestamp NULL DEFAULT NULL,
  `updated_at` timestamp NULL DEFAULT NULL
) ENGINE=InnoDB DEFAULT CHARSET=utf8mb4 COLLATE=utf8mb4_unicode_ci;

--
-- Tablo döküm verisi `program_names`
--

INSERT INTO `program_names` (`id`, `name`, `status`, `deleted_at`, `created_at`, `updated_at`) VALUES
(1, 'Daşıyıcı siqnal', 1, NULL, '2024-03-12 06:43:31', '2024-03-12 06:43:31'),
(2, 'VARZESH', 1, NULL, '2024-03-12 06:43:31', '2024-03-12 06:43:31'),
(3, 'ARDABİL', 1, NULL, '2024-03-12 06:43:31', '2024-03-12 06:43:31'),
(4, 'MAAREF', 1, NULL, '2024-03-12 06:43:31', '2024-03-12 06:43:31'),
(5, 'Javan', 1, NULL, '2024-03-12 06:43:31', '2024-03-12 06:43:31'),
(6, 'DVB-T', 1, NULL, '2024-03-12 06:43:31', '2024-03-12 06:43:31'),
(7, 'İRAN', 1, NULL, '2024-03-12 06:43:31', '2024-03-12 06:43:31'),
(8, 'GİLAN', 1, NULL, '2024-03-12 06:43:31', '2024-03-12 06:43:31'),
(9, 'EGHTESAD', 1, NULL, '2024-03-12 06:43:31', '2024-03-12 06:43:31'),
(10, 'QURAN', 1, NULL, '2024-03-12 06:43:31', '2024-03-12 06:43:31'),
(11, 'IRIB Azeri Radio WS', 1, NULL, '2024-03-12 06:43:31', '2024-03-12 06:43:31'),
(12, 'SALAMAT', 1, NULL, '2024-03-12 06:43:31', '2024-03-12 06:43:31'),
(13, 'PAYAM', 1, NULL, '2024-03-12 06:43:31', '2024-03-12 06:43:31'),
(14, 'FARHANG', 1, NULL, '2024-03-12 06:43:31', '2024-03-12 06:43:31'),
(15, 'İrib Azəri ws', 1, NULL, '2024-03-12 06:43:31', '2024-03-12 06:43:31'),
(16, 'DVBT 2', 1, NULL, '2024-03-12 06:43:31', '2024-03-12 06:43:31'),
(17, 'GR 1 Radio Erti', 1, NULL, '2024-03-12 06:43:31', '2024-03-12 06:43:31'),
(18, 'Radio İmedi ', 1, NULL, '2024-03-12 06:43:31', '2024-03-12 06:43:31'),
(19, 'DVB-T2', 1, NULL, '2024-03-12 06:43:31', '2024-03-12 06:43:31'),
(20, 'Aran', 1, NULL, '2024-03-12 06:43:31', '2024-03-12 06:43:31'),
(21, 'Yerevan FM  ', 1, NULL, '2024-03-12 06:43:31', '2024-03-12 06:43:31'),
(22, 'GT FM Radio Georgian Times', 1, NULL, '2024-03-12 06:43:31', '2024-03-12 06:43:31'),
(23, 'Mshvidi Radio - M7 ', 1, NULL, '2024-03-12 06:43:31', '2024-03-12 06:43:31'),
(24, 'Star FM', 1, NULL, '2024-03-12 06:43:31', '2024-03-12 06:43:31'),
(25, 'Avto FM', 1, NULL, '2024-03-12 06:43:31', '2024-03-12 06:43:31'),
(26, 'Radio  Commersant  FM', 1, NULL, '2024-03-12 06:43:31', '2024-03-12 06:43:31'),
(27, 'Muza FM', 1, NULL, '2024-03-12 06:43:31', '2024-03-12 06:43:31'),
(28, 'Tbilisi FM', 1, NULL, '2024-03-12 06:43:31', '2024-03-12 06:43:31'),
(29, 'Kubrik FM', 1, NULL, '2024-03-12 06:43:31', '2024-03-12 06:43:31'),
(30, 'Radio 4  FM', 1, NULL, '2024-03-12 06:43:31', '2024-03-12 06:43:31'),
(31, 'Uçnobi FM', 1, NULL, '2024-03-12 06:43:31', '2024-03-12 06:43:31'),
(32, 'Şokoladi FM', 1, NULL, '2024-03-12 06:43:31', '2024-03-12 06:43:31'),
(33, 'Abxaz FM', 1, NULL, '2024-03-12 06:43:31', '2024-03-12 06:43:31'),
(34, 'Şanson FM', 1, NULL, '2024-03-12 06:43:31', '2024-03-12 06:43:31'),
(35, 'Çveneburi FM', 1, NULL, '2024-03-12 06:43:31', '2024-03-12 06:43:31'),
(36, 'Vinilo FM', 1, NULL, '2024-03-12 06:43:31', '2024-03-12 06:43:31'),
(37, 'Beat FM', 1, NULL, '2024-03-12 06:43:31', '2024-03-12 06:43:31'),
(38, 'AG  FM', 1, NULL, '2024-03-12 06:43:31', '2024-03-12 06:43:31'),
(39, 'GR 2 Radio Ori - Kartuli Radio', 1, NULL, '2024-03-12 06:43:31', '2024-03-12 06:43:31'),
(40, 'Siti FM', 1, NULL, '2024-03-12 06:43:31', '2024-03-12 06:43:31'),
(41, 'Hayastani hanrayin radio', 1, NULL, '2024-03-12 06:43:31', '2024-03-12 06:43:31'),
(42, 'Radio Positive FM', 1, NULL, '2024-03-12 06:43:31', '2024-03-12 06:43:31'),
(43, 'İveriya FM', 1, NULL, '2024-03-12 06:43:31', '2024-03-12 06:43:31'),
(44, 'Radio İmedi', 1, NULL, '2024-03-12 06:43:31', '2024-03-12 06:43:31'),
(45, 'Yerevan FM', 1, NULL, '2024-03-12 06:43:31', '2024-03-12 06:43:31'),
(46, 'Radio Fortuna', 1, NULL, '2024-03-12 06:43:31', '2024-03-12 06:43:31'),
(47, 'Voice FM', 1, NULL, '2024-03-12 06:43:31', '2024-03-12 06:43:31'),
(48, 'Sakartvelos FM', 1, NULL, '2024-03-12 06:43:31', '2024-03-12 06:43:31'),
(49, 'Şərqi Azərbaycan', 1, NULL, '2024-03-12 06:43:31', '2024-03-12 06:43:31'),
(50, 'Rubas', 1, NULL, '2024-03-12 06:43:31', '2024-03-12 06:43:31'),
(51, 'TV-Kaspiy', 1, NULL, '2024-03-12 06:43:31', '2024-03-12 06:43:31'),
(52, 'Yujdaq', 1, NULL, '2024-03-12 06:43:31', '2024-03-12 06:43:31'),
(53, 'Daqestan', 1, NULL, '2024-03-12 06:43:31', '2024-03-12 06:43:31'),
(54, 'Assa', 1, NULL, '2024-03-12 06:43:31', '2024-03-12 06:43:31'),
(55, 'Zvezda', 1, NULL, '2024-03-12 06:43:31', '2024-03-12 06:43:31'),
(56, 'Avto ', 1, NULL, '2024-03-12 06:43:31', '2024-03-12 06:43:31'),
(57, 'Priboy', 1, NULL, '2024-03-12 06:43:31', '2024-03-12 06:43:31'),
(58, 'Sedmoye nebo', 1, NULL, '2024-03-12 06:43:31', '2024-03-12 06:43:31'),
(59, 'Vatan', 1, NULL, '2024-03-12 06:43:31', '2024-03-12 06:43:31'),
(60, 'Vesti', 1, NULL, '2024-03-12 06:43:31', '2024-03-12 06:43:31'),
(61, 'Rossiya', 1, NULL, '2024-03-12 06:43:31', '2024-03-12 06:43:31'),
(62, 'Mayak', 1, NULL, '2024-03-12 06:43:31', '2024-03-12 06:43:31'),
(63, 'Gürcüstan radiosu', 1, NULL, '2024-03-12 06:43:31', '2024-03-12 06:43:31'),
(64, 'Radio İveriya', 1, NULL, '2024-03-12 06:43:31', '2024-03-12 06:43:31'),
(65, 'Radio Maestro', 1, NULL, '2024-03-12 06:43:31', '2024-03-12 06:43:31'),
(66, 'Radio Ardaidardo', 1, NULL, '2024-03-12 06:43:31', '2024-03-12 06:43:31'),
(67, 'Təyin edilməyib', 1, NULL, '2024-03-12 06:43:31', '2024-03-12 06:43:31');

-- --------------------------------------------------------

--
-- Tablo için tablo yapısı `radio`
--

CREATE TABLE `radio` (
  `id` int(11) NOT NULL,
  `station_id` varchar(50) DEFAULT NULL,
  `frequency_id` varchar(100) DEFAULT NULL,
  `program_name` varchar(100) DEFAULT NULL,
  `direction` varchar(100) DEFAULT NULL,
  `program_location` varchar(100) DEFAULT NULL,
  `program_language` varchar(100) DEFAULT NULL
) ENGINE=InnoDB DEFAULT CHARSET=utf8mb4 COLLATE=utf8mb4_general_ci;

--
-- Tablo döküm verisi `radio`
--

INSERT INTO `radio` (`id`, `station_id`, `frequency_id`, `program_name`, `direction`, `program_location`, `program_language`) VALUES
(1, '1 saylı', '101.3', 'Daşıyıcı siqnal', 'Teleqüllə', 'Təyin edilməyib', 'Təyin edilməyib'),
(2, '2 saylı', '101.3', 'Daşıyıcı siqnal', 'Teleqüllə', 'Təyin edilməyib', 'Təyin edilməyib'),
(3, '3 saylı', '91.9', 'VARZESH', 'İran', 'Təyin edilməyib', 'Fars'),
(4, '3 saylı', '93.9', 'ARDABİL', 'İran', 'Təyin edilməyib', 'Fars'),
(5, '3 saylı', '95.9', 'MAAREF', 'İran', 'Təyin edilməyib', 'Fars'),
(6, '3 saylı', '97.9', 'Javan', 'İran', 'Təyin edilməyib', 'Fars'),
(7, '3 saylı', '99.3', 'Daşıyıcı siqnal', 'Günəşli', 'Təyin edilməyib', 'Təyin edilməyib'),
(8, '3 saylı', '101.3', 'Daşıyıcı siqnal', 'Teleqüllə', 'Təyin edilməyib', 'Təyin edilməyib'),
(9, 'Astara', '22', 'DVB-T', 'İran', 'Zibakenar', 'Fars'),
(10, 'Astara', '24', 'DVB-T', 'İran', 'Astara (gln)', 'Fars'),
(11, 'Astara', '26', 'DVB-T', 'İran', 'Astara (gln)', 'Fars'),
(12, 'Astara', '28', 'DVB-T', 'İran', 'Zibakenar', 'Fars'),
(13, 'Astara', '30', 'DVB-T', 'İran', 'Astara (gln)', 'Fars'),
(14, 'Astara', '32', 'DVB-T2', 'İran', 'Astara (gln)', 'Fars'),
(15, 'Astara', '34', 'DVB-T2', 'İran', 'Zibakenar', 'Fars'),
(16, 'Astara', '38', 'DVB-T', 'İran', 'Astara (gln)', 'Fars'),
(17, 'Astara', '40', 'DVB-T', 'İran', 'Zibakenar', 'Fars'),
(18, 'Astara', '44', 'DVB-T', 'İran', 'Kuh-e Sangar', 'Fars-Azəri'),
(19, 'Astara', '46', 'DVB-T', 'İran', 'Zibakenar', 'Fars'),
(20, 'Astara', '47', 'DVB-T', 'İran', 'Talesh (gln)', 'Fars'),
(21, 'Astara', '59', 'DVB-T2', 'İran', 'Kuh-e Sangar', 'Fars'),
(22, 'Astara', '88.3', 'JAVAN', 'İran', 'Kuh-e Sangar', 'Fars'),
(23, 'Astara', '89', 'JAVAN', 'İran', 'Zibakenar', 'Fars'),
(24, 'Astara', '90.3', 'İRAN', 'İran', 'Kuh-e Sangar', 'Fars'),
(25, 'Astara', '90.7', 'İRAN', 'İran', 'Astara (gln)', 'Fars'),
(26, 'Astara', '91', 'İRAN', 'İran', 'Zibakenar', 'Fars'),
(27, 'Astara', '91.8', 'VARZESH', 'İran', 'Talesh (gln)', 'Fars'),
(28, 'Astara', '92.3', 'VARZESH', 'İran', 'Kuh-e Sangar (gln)', 'Fars'),
(29, 'Astara', '93', 'VARZESH', 'İran', 'Zibakenar', 'Fars'),
(30, 'Astara', '94.1', 'ARDABİL', 'İran', 'Kuh-e Sangar', 'Fars-Azəri'),
(31, 'Astara', '94.7', 'GİLAN', 'İran', 'Astara (gln)', 'Fars'),
(32, 'Astara', '95', 'GİLAN', 'İran', 'Zibakenar (gln)', 'Fars'),
(33, 'Astara', '95.8', 'MAAREF', 'İran', 'Talesh (gln)', 'Fars'),
(34, 'Astara', '96.1', 'MAAREF', 'İran', 'Kuh-e Sangar', 'Fars'),
(35, 'Astara', '97', 'MAAREF', 'İran', 'Zibakenar (gln)', 'Fars'),
(36, 'Astara', '98.3', 'EGHTESAD', 'İran', 'Kuh-e Sangar', 'Fars'),
(37, 'Astara', '99', 'EGHTESAD', 'İran', 'Zibakenar (gln)', 'Fars'),
(38, 'Astara', '100.3', 'QURAN', 'İran', 'Kuh-e Sangar', 'Fars'),
(39, 'Astara', '101', 'QURAN', 'İran', 'Zibakenar (gln)', 'Fars'),
(40, 'Astara', '101.3', 'İrib Azəri ws', 'İran', 'Kuh-e Sangar (gln)', 'Fars-Azəri'),
(41, 'Astara', '102.3', 'SALAMAT', 'İran', 'Kuh-e Sangar', 'Fars'),
(42, 'Astara', '103', 'SALAMAT', 'İran', 'Zibakenar (gln)', 'Fars'),
(43, 'Astara', '103.8', 'PAYAM', 'İran', 'Talesh (gln)', 'Fars'),
(44, 'Astara', '104.3', 'PAYAM', 'İran', 'Kuh-e Sangar (ard)', 'Fars'),
(45, 'Astara', '105', 'PAYAM', 'İran', 'Zibakenar (gln)', 'Fars'),
(46, 'Astara', '106.3', 'FARHANG', 'İran', 'Kuh-e Sangar (ard)', 'Fars'),
(47, 'Astara', '107', 'FARHANG', 'İran', 'Zibakenar (gln)', 'Fars'),
(48, 'Beyləqan', '21', 'DVB-T', 'İran', 'Moghan', 'Fars'),
(49, 'Beyləqan', '27', 'DVB-T', 'İran', 'Moghan', 'Fars'),
(50, 'Beyləqan', '45', 'DVB-T', 'İran', 'Moghan', 'Fars-Azəri'),
(51, 'Beyləqan', '88.3', 'Javan', 'İran', 'Moghan və Parsabad', 'Fars'),
(52, 'Beyləqan', '89.9', 'İran', 'İran', 'Moghan', 'Fars'),
(53, 'Beyləqan', '91.9', 'Varzesh', 'İran', 'Moghan', 'Fars'),
(54, 'Beyləqan', '93.9', 'Ardabil', 'İran', 'Moghan', 'Fars-Azəri'),
(55, 'Beyləqan', '95.9', 'Maaref', 'İran', 'Moghan', 'Fars'),
(56, 'Beyləqan', '97.9', 'Javan', 'İran', 'Moghan və Parsabad', 'Fars'),
(57, 'Beyləqan', '99.3', 'İrib Azəri ws', 'İran', 'Moghan', 'Fars-Azəri'),
(58, 'Beyləqan', '99.9', 'Quran', 'İran', 'Moghan', 'Fars'),
(59, 'Beyləqan', '101.9', 'Farhang', 'İran', 'Moghan', 'Fars'),
(60, 'Beyləqan', '103.9', 'Payam', 'İran', 'Moghan', 'Fars'),
(61, 'Gəncə', '22', 'DVBT 2', 'Gürcüstan', 'Təyin edilməyib', 'Gürcü'),
(62, 'Gəncə', '27', 'DVBT 2', 'Gürcüstan', 'Təyin edilməyib', 'Gürcü'),
(63, 'Gəncə', '43', 'DVBT 2', 'Gürcüstan', 'Təyin edilməyib', 'Gürcü'),
(64, 'Gəncə', '47', 'DVBT 2', 'Gürcüstan', 'Təyin edilməyib', 'Gürcü'),
(65, 'Gəncə', '91.1', 'GR 1 Radio Erti', 'Gürcüstan', 'Kakheti, Dedoplistskaro', 'Gürcü'),
(66, 'Gəncə', '99.1', 'GR 1 Radio Erti', 'Gürcüstan', 'Kakheti, Telavi', 'Gürcü'),
(67, 'Gəncə', '100.3', 'Radio İmedi', 'Gürcüstan', 'Kakheti, Gurjaani', 'Gürcü'),
(68, 'Gəncə', '104.7', 'Radio İmedi', 'Gürcüstan', 'Tbilisi, Mtazminda', 'Gürcü'),
(69, 'Masallı', '21', 'DVB-T', 'İran', 'Təyin edilməyib', 'Fars'),
(70, 'Masallı', '26', 'DVB-T', 'İran', 'Təyin edilməyib', 'Fars'),
(71, 'Masallı', '27', 'DVB-T', 'İran', 'Təyin edilməyib', 'Fars'),
(72, 'Masallı', '32', 'DVB-T2', 'İran', 'Təyin edilməyib', 'Fars'),
(73, 'Masallı', '38', 'DVB-T', 'İran', 'Təyin edilməyib', 'Fars'),
(74, 'Masallı', '44', 'DVB-T', 'İran', 'Təyin edilməyib', 'Fars'),
(75, 'Masallı', '45', 'DVB-T', 'İran', 'Təyin edilməyib', 'Fars'),
(76, 'Masallı', '88.3', 'Javan', 'İran', 'Kuh-e Sangar', 'Fars'),
(77, 'Masallı', '89.9', 'İran', 'İran', 'Moghan', 'Fars'),
(78, 'Masallı', '90.3', 'İran', 'İran', 'Kuh-e Sangar', 'Fars'),
(79, 'Masallı', '91.9', 'Varzesh', 'İran', 'Moghan', 'Fars'),
(80, 'Masallı', '92.3', 'Varzesh', 'İran', 'Kuh-e Sangar', 'Fars'),
(81, 'Masallı', '93.9', 'Ardabil', 'İran', 'Moghan', 'Fars-Azəri'),
(82, 'Masallı', '94.1', 'Ardabil', 'İran', 'Kuh-e Sangar', 'Fars-Azəri'),
(83, 'Masallı', '95.9', 'Maaref', 'İran', 'Moghan', 'Fars'),
(84, 'Masallı', '96.1', 'Maaref', 'İran', 'Kuh-e Sangar', 'Fars'),
(85, 'Masallı', '97.9', 'Javan', 'İran', 'Moghan', 'Fars'),
(86, 'Masallı', '98.3', 'Eghtesad', 'İran', 'Kuh-e Sangar', 'Fars'),
(87, 'Masallı', '99.3', 'Aran', 'İran', 'Moghan', 'Fars-Azəri'),
(88, 'Masallı', '99.9', 'Quran', 'İran', 'Moghan', 'Fars'),
(89, 'Masallı', '100.3', 'Quran', 'İran', 'Kuh-e Sangar', 'Fars'),
(90, 'Masallı', '101.3', 'Aran', 'İran', 'Kuh-e Sangar', 'Fars-Azəri'),
(91, 'Masallı', '101.9', 'Farhang', 'İran', 'Moghan', 'Fars'),
(92, 'Masallı', '103.9', 'Payam', 'İran', 'Moghan', 'Fars'),
(93, 'Masallı', '104.3', 'Payam', 'İran', 'Kuh-e Sangar', 'Fars'),
(94, 'Masallı', '106.3', 'Farhang', 'İran', 'Kuh-e Sangar', 'Fars'),
(95, 'Masallı', '107', 'Farhang', 'İran', 'Zibakenar', 'Fars'),
(96, 'Qazax', '21', 'DVB-T2', 'Gürcüstan', 'Tbilisi', 'Gürcü'),
(97, 'Qazax', '22', 'DVB-T2', 'Gürcüstan', 'Tbilisi', 'Gürcü'),
(98, 'Qazax', '23', 'DVB-T2', 'Gürcüstan', 'Tbilisi', 'Gürcü'),
(99, 'Qazax', '26', 'DVB-T2', 'Gürcüstan', 'Tbilisi', 'Gürcü'),
(100, 'Qazax', '27', 'DVB-T2', 'Gürcüstan', 'Tbilisi', 'Gürcü'),
(101, 'Qazax', '28', 'DVB-T2', 'Gürcüstan', 'Tbilisi', 'Gürcü'),
(102, 'Qazax', '30', 'DVB-T2', 'Gürcüstan', 'Tbilisi', 'Gürcü'),
(103, 'Qazax', '43', 'DVB-T2', 'Gürcüstan', 'Tbilisi', 'Gürcü'),
(104, 'Qazax', '47', 'DVB-T2', 'Gürcüstan', 'Tbilisi', 'Gürcü'),
(105, 'Qazax', '91.1', 'Yerevan FM', 'Ermənistan', 'Sevkar, Tavush', 'Erməni'),
(106, 'Qazax', '92.3', 'GT FM Radio Georgian Times', 'Gürcüstan', 'Tbilisi, Mtazminda', 'Gürcü'),
(107, 'Qazax', '93.1', 'Mshvidi Radio - M7', 'Gürcüstan', 'Tbilisi, Mtazminda', 'Gürcü'),
(108, 'Qazax', '93.9', 'Star FM', 'Gürcüstan', 'Tbilisi, Mtazminda', 'Gürcü'),
(109, 'Qazax', '95.1', 'Avto FM', 'Gürcüstan', 'Tbilisi', 'Gürcü'),
(110, 'Qazax', '95.5', 'Radio  Commersant  FM', 'Gürcüstan', 'Tbilisi, Mtazminda', 'Gürcü'),
(111, 'Qazax', '95.9', 'Muza FM', 'Gürcüstan', 'Tbilisi', 'Gürcü'),
(112, 'Qazax', '96.7', 'Tbilisi FM', 'Gürcüstan', 'Tbilisi, Mtazminda', 'Gürcü'),
(113, 'Qazax', '97.5', 'Kubrik FM', 'Gürcüstan', 'Tbilisi, Mtazminda', 'Gürcü'),
(114, 'Qazax', '97.8', 'Radio 4  FM', 'Gürcüstan', 'Rustavi/Hotel Rustavi', 'Gürcü'),
(115, 'Qazax', '98.1', 'Uçnobi FM', 'Gürcüstan', 'Tbilisi, Mtazminda', 'Gürcü'),
(116, 'Qazax', '98.5', 'Şokoladi FM', 'Gürcüstan', 'Tbilisi, Mtazminda', 'Gürcü'),
(117, 'Qazax', '98.9', 'Abxaz FM', 'Gürcüstan', 'Tbilisi, Mtazminda', 'Gürcü'),
(118, 'Qazax', '99.3', 'Şanson FM', 'Gürcüstan', 'Tbilisi', 'Gürcü'),
(119, 'Qazax', '99.5', 'Çveneburi FM', 'Gürcüstan', 'Tbilisi, Mtazminda', 'Gürcü'),
(120, 'Qazax', '99.7', 'Vinilo FM', 'Gürcüstan', 'Tbilisi, Vake West', 'Gürcü'),
(121, 'Qazax', '100.3', 'Beat FM', 'Gürcüstan', 'Tbilisi/Vake', 'Gürcü'),
(122, 'Qazax', '100.6', 'AG  FM', 'Gürcüstan', 'Rustavi, Kvemo Kartli', 'Gürcü'),
(123, 'Qazax', '100.9', 'GR 2 Radio Ori - Kartuli Radio', 'Gürcüstan', 'Tbilisi, Mtazminda', 'Gürcü'),
(124, 'Qazax', '101.9', 'Siti FM', 'Gürcüstan', 'Tbilisi', 'Gürcü'),
(125, 'Qazax', '102.3', 'GR 1 Radio Erti', 'Gürcüstan', 'Tbilisi, Mtazminda', 'Gürcü'),
(126, 'Qazax', '103.9', 'Hayastani hanrayin radio', 'Ermənistan', 'Sevkar, Tavush', 'Erməni'),
(127, 'Qazax', '104.3', 'Radio Positive FM', 'Gürcüstan', 'Tbilisi, Mtazminda', 'Gürcü'),
(128, 'Qazax', '104.8', 'Hayastani hanrayin radio', 'Ermənistan', 'Chinchin, Tavush', 'Erməni'),
(129, 'Qazax', '105.1', 'Avto FM', 'Gürcüstan', 'Tbilisi', 'Gürcü'),
(130, 'Qazax', '105.5', 'İveriya FM', 'Gürcüstan', 'Tbilisi, Mtazminda', 'Gürcü'),
(131, 'Qazax', '105.9', 'Radio İmedi', 'Gürcüstan', 'Tbilisi, Mtazminda', 'Gürcü'),
(132, 'Qazax', '106.1', 'Yerevan FM', 'Ermənistan', 'Voskepar (Əksipara), Tavush', 'Erməni'),
(133, 'Qazax', '106.9', 'Radio Fortuna', 'Gürcüstan', 'Tbilisi, Mtazminda', 'Gürcü'),
(134, 'Qazax', '107.9', 'Voice FM', 'Gürcüstan', 'Tbilisi, Makhata Mountain', 'Gürcü'),
(135, 'Qəbələ', '21', 'DVB-T', 'İran', 'Təyin edilməyib', 'Fars'),
(136, 'Qəbələ', '27', 'DVB-T', 'İran', 'Təyin edilməyib', 'Fars'),
(137, 'Qəbələ', '45', 'DVB-T', 'İran', 'Təyin edilməyib', 'Fars-Azəri'),
(138, 'Qəbələ', '88.3', 'Javan', 'İran', 'Moghan', 'Fars'),
(139, 'Qəbələ', '89.9', 'İran', 'İran', 'Moghan', 'Fars'),
(140, 'Qəbələ', '90.3', 'yerevan FM', 'Ermənistan', 'Armenia Sunik', 'Erməni'),
(141, 'Qəbələ', '91.9', 'Varzesh', 'İran', 'Moghan', 'Fars'),
(142, 'Qəbələ', '92.4', 'Şərqi Azərbaycan', 'İran', 'Moghan', 'Fars'),
(143, 'Qəbələ', '93.9', 'Ardabil', 'İran', 'Moghan', 'Fars'),
(144, 'Qəbələ', '95.9', 'Maaref', 'İran', 'Moghan', 'Fars'),
(145, 'Qəbələ', '97.9', 'Javan', 'İran', 'Moghan və Parsabad', 'Fars'),
(146, 'Qəbələ', '99.3', 'İrib Azəri ws', 'İran', 'Moghan', 'Fars-Azəri'),
(147, 'Qəbələ', '99.9', 'Quran', 'İran', 'Moghan', 'Fars'),
(148, 'Qəbələ', '101.9', 'Farhang', 'İran', 'Moghan', 'Fars'),
(149, 'Qəbələ', '103.9', 'Payam', 'İran', 'Moghan', 'Fars'),
(150, 'Quba', '26', 'DVB-T2', 'Rusiya', 'Rusiya', 'Rus'),
(151, 'Quba', '41', 'Rubas', 'Rusiya', 'Derbend', 'Rus'),
(152, 'Quba', '46', 'TV-Kaspiy', 'Rusiya', 'Derbend', 'Rus'),
(153, 'Quba', '47', 'DVB-T2', 'Rusiya', 'Rusiya', 'Rus'),
(154, 'Quba', '53', 'Yujdaq', 'Rusiya', 'Derbend', 'Rus'),
(155, 'Quba', '59', 'Daqestan', 'Rusiya', 'Derbend', 'Rus'),
(156, 'Quba', '93.1', 'Assa', 'Rusiya', 'Derbend  RTS Dzhalgan', 'Rus'),
(157, 'Quba', '98.4', 'Zvezda', 'Rusiya', 'Derbend  RTS Dzhalgan', 'Rus'),
(158, 'Quba', '99.4', 'Avto', 'Rusiya', 'Derbend', 'Rus'),
(159, 'Quba', '100.1', 'Priboy', 'Rusiya', 'Derbend  RTS Dzhalgan', 'Rus'),
(160, 'Quba', '101.8', 'Sedmoye nebo', 'Rusiya', 'Derbend  RTS Dzhalgan', 'Rus'),
(161, 'Quba', '102.7', 'Vatan', 'Rusiya', 'Derbend  RTS Dzhalgan', 'Rus'),
(162, 'Quba', '103.7', 'Vesti', 'Rusiya', 'Derbend  RTS Dzhalgan', 'Rus'),
(163, 'Quba', '104.3', 'Vatan', 'Rusiya', 'Derbend', 'Təyin edilməyib'),
(164, 'Quba', '104.9', 'Rossiya', 'Rusiya', 'Derbend  RTS Dzhalgan', 'Rus'),
(165, 'Quba', '106.8', 'Mayak', 'Rusiya', 'Mayak', 'Rus'),
(166, 'Şirvan', '21', 'DVB-T', 'İran', 'İran', 'Fars'),
(167, 'Şirvan', '27', 'DVB-T', 'İran', 'İran', 'Fars'),
(168, 'Şirvan', '44', 'DVB-T', 'İran', 'İran', 'Fars'),
(169, 'Şirvan', '45', 'DVB-T', 'İran', 'İran', 'Fars'),
(170, 'Şirvan', '88.3', 'Javan', 'İran', 'Kuh-e Sangar və Parsabad', 'Fars'),
(171, 'Şirvan', '89.9', 'İran', 'İran', 'Moghan', 'Fars'),
(172, 'Şirvan', '91.9', 'Varzesh', 'İran', 'Moghan', 'Fars'),
(173, 'Şirvan', '92.3', 'Varzesh', 'İran', 'Kuh-e Sangar və Parsabad', 'Fars'),
(174, 'Şirvan', '93.9', 'Ardabil', 'İran', 'Moghan', 'Fars-Azəri'),
(175, 'Şirvan', '94.1', 'Ardabil', 'İran', 'Kuh-e Sangar və Parsabad', 'Fars-Azəri'),
(176, 'Şirvan', '95.9', 'Maaref', 'İran', 'Moghan', 'Fars'),
(177, 'Şirvan', '97.9', 'Javan', 'İran', 'Moghan və Parsabad', 'Fars'),
(178, 'Şirvan', '99.3', 'İrib Azəri ws', 'İran', 'Moghan', 'Fars-Azəri'),
(179, 'Şirvan', '99.9', 'Quran', 'İran', 'Moghan', 'Fars'),
(180, 'Şirvan', '100.3', 'Quran', 'İran', 'Moghan', 'Fars'),
(181, 'Şirvan', '101.9', 'Farhang', 'İran', 'Moghan', 'Fars'),
(182, 'Şirvan', '103.9', 'Payam', 'İran', 'Moghan', 'Fars'),
(183, 'Şirvan', '104.3', 'Payam', 'İran', 'Moghan', 'Fars'),
(184, 'Zaqatala', '21', 'DVB-T2', 'Gürcüstan', 'Təyin edilməyib', 'Gürcü'),
(185, 'Zaqatala', '22', 'DVB-T2', 'Gürcüstan', 'Təyin edilməyib', 'Gürcü'),
(186, 'Zaqatala', '23', 'DVB-T2', 'Gürcüstan', 'Təyin edilməyib', 'Gürcü'),
(187, 'Zaqatala', '26', 'DVB-T2', 'Gürcüstan', 'Təyin edilməyib', 'Gürcü'),
(188, 'Zaqatala', '27', 'DVB-T2', 'Gürcüstan', 'Təyin edilməyib', 'Gürcü'),
(189, 'Zaqatala', '28', 'DVB-T2', 'Gürcüstan', 'Təyin edilməyib', 'Gürcü'),
(190, 'Zaqatala', '43', 'DVB-T2', 'Gürcüstan', 'Təyin edilməyib', 'Gürcü'),
(191, 'Zaqatala', '47', 'DVB-T2', 'Gürcüstan', 'Təyin edilməyib', 'Gürcü'),
(192, 'Zaqatala', '91.1', 'Gürcüstan radiosu', 'Gürcüstan', 'Dedoplistskaro', 'Gürcü'),
(193, 'Zaqatala', '95.1', 'Radio İveriya', 'Gürcüstan', 'Dedoplistskaro', 'Gürcü'),
(194, 'Zaqatala', '99.1', 'Gürcüstan radiosu', 'Gürcüstan', 'Telavi\\Tsivi', 'Gürcü'),
(195, 'Zaqatala', '102.3', 'Radio Maestro', 'Gürcüstan', 'Telavi\\Tsivi', 'Gürcü'),
(196, 'Zaqatala', '104.3', 'Radio Fortuna', 'Gürcüstan', 'Kvareli', 'Gürcü'),
(197, 'Zaqatala', '104.7', 'Radio İmedi', 'Gürcüstan', 'Dedoplistskaro', 'Gürcü'),
(198, 'Zaqatala', '105.7', 'Radio Ardaidardo', 'Gürcüstan', 'Kvareli', 'Gürcü'),
(199, 'Zaqatala', '106.9', 'Radio Fortuna', 'Gürcüstan', 'Telavi\\Tsivi', 'Gürcü');

-- --------------------------------------------------------

--
-- Tablo için tablo yapısı `roles`
--

CREATE TABLE `roles` (
  `id` bigint(20) UNSIGNED NOT NULL,
  `name` varchar(255) NOT NULL,
  `guard_name` varchar(255) NOT NULL,
  `created_at` timestamp NULL DEFAULT NULL,
  `updated_at` timestamp NULL DEFAULT NULL
) ENGINE=InnoDB DEFAULT CHARSET=utf8mb4 COLLATE=utf8mb4_unicode_ci;

--
-- Tablo döküm verisi `roles`
--

INSERT INTO `roles` (`id`, `name`, `guard_name`, `created_at`, `updated_at`) VALUES
(1, 'Administrator', 'web', '2024-03-12 06:43:31', '2024-03-12 06:43:31'),
(2, 'Moderator', 'web', '2024-03-12 06:43:31', '2024-03-12 06:43:31');

-- --------------------------------------------------------

--
-- Tablo için tablo yapısı `role_has_permissions`
--

CREATE TABLE `role_has_permissions` (
  `permission_id` bigint(20) UNSIGNED NOT NULL,
  `role_id` bigint(20) UNSIGNED NOT NULL
) ENGINE=InnoDB DEFAULT CHARSET=utf8mb4 COLLATE=utf8mb4_unicode_ci;

--
-- Tablo döküm verisi `role_has_permissions`
--

INSERT INTO `role_has_permissions` (`permission_id`, `role_id`) VALUES
(1, 1),
(1, 2),
(2, 1),
(2, 2),
(3, 1),
(3, 2),
(4, 1),
(4, 2),
(5, 1),
(5, 2),
(6, 1),
(6, 2),
(7, 1),
(7, 2),
(8, 1),
(8, 2),
(9, 1),
(9, 2),
(10, 1),
(10, 2),
(11, 1),
(11, 2),
(12, 1),
(12, 2),
(13, 1),
(13, 2),
(14, 1),
(14, 2),
(15, 1),
(15, 2),
(16, 1),
(16, 2),
(17, 1),
(17, 2),
(18, 1),
(18, 2),
(19, 1),
(19, 2),
(20, 1),
(20, 2),
(21, 1),
(21, 2),
(22, 1),
(22, 2),
(23, 1),
(23, 2),
(24, 1),
(24, 2),
(25, 1),
(25, 2);

-- --------------------------------------------------------

--
-- Tablo için tablo yapısı `stations`
--

CREATE TABLE `stations` (
  `id` bigint(20) UNSIGNED NOT NULL,
  `station_name` varchar(255) NOT NULL,
  `coordinate_N` varchar(255) DEFAULT NULL,
  `coordinate_E` varchar(255) DEFAULT NULL,
  `status` int(11) NOT NULL DEFAULT 1,
  `created_at` timestamp NULL DEFAULT NULL,
  `updated_at` timestamp NULL DEFAULT NULL
) ENGINE=InnoDB DEFAULT CHARSET=utf8mb4 COLLATE=utf8mb4_unicode_ci;

--
-- Tablo döküm verisi `stations`
--

INSERT INTO `stations` (`id`, `station_name`, `coordinate_N`, `coordinate_E`, `status`, `created_at`, `updated_at`) VALUES
(1, 'Bakı şəhəri üzrə 1 saylı məntəqə (Mehdiabad)', '', '', 1, '2024-03-12 06:43:26', '2024-03-12 06:43:26'),
(2, 'Bakı şəhəri üzrə 2 saylı məntəqə (Yasamal)', '', '', 1, '2024-03-12 06:43:26', '2024-03-12 06:43:26'),
(3, 'Bakı şəhəri üzrə 3 saylı məntəqə (Günəşli)', '', '', 1, '2024-03-12 06:43:26', '2024-03-12 06:43:26'),
(4, 'Gəncə regional məntəqəsi', '', '', 1, '2024-03-12 06:43:26', '2024-03-12 06:43:26'),
(5, 'Qazax regional məntəqəsi', '', '', 1, '2024-03-12 06:43:26', '2024-03-12 06:43:26'),
(6, 'Qəbələ regional məntəqəsi', '', '', 1, '2024-03-12 06:43:26', '2024-03-12 06:43:26'),
(7, 'Zaqatala regional məntəqəsi', '', '', 1, '2024-03-12 06:43:26', '2024-03-12 06:43:26'),
(8, 'Quba regional məntəqəsi', '', '', 1, '2024-03-12 06:43:26', '2024-03-12 06:43:26'),
(9, 'Masallı regional məntəqəsi', '', '', 1, '2024-03-12 06:43:26', '2024-03-12 06:43:26'),
(10, 'Astara regional məntəqəsi', '', '', 1, '2024-03-12 06:43:26', '2024-03-12 06:43:26'),
(11, 'Şirvan regional məntəqəsi', '', '', 1, '2024-03-12 06:43:26', '2024-03-12 06:43:26'),
(12, 'Beyləqan regional  məntəqəsi', '', '', 1, '2024-03-12 06:43:26', '2024-03-12 06:43:26');

-- --------------------------------------------------------

--
-- Tablo için tablo yapısı `users`
--

CREATE TABLE `users` (
  `id` bigint(20) UNSIGNED NOT NULL,
  `stations_id` bigint(20) UNSIGNED DEFAULT NULL,
  `name_surname` varchar(255) NOT NULL,
  `email` varchar(255) NOT NULL,
  `contact_number` varchar(255) DEFAULT NULL,
  `type` varchar(255) NOT NULL,
  `email_verified_at` timestamp NULL DEFAULT NULL,
  `position` varchar(255) NOT NULL,
  `password` varchar(255) NOT NULL,
  `activity_status` int(11) NOT NULL DEFAULT 1,
  `ban_start_date` date DEFAULT NULL,
  `ban_end_date` date DEFAULT NULL,
  `remember_token` varchar(100) DEFAULT NULL,
  `deleted_at` timestamp NULL DEFAULT NULL,
  `created_at` timestamp NULL DEFAULT NULL,
  `updated_at` timestamp NULL DEFAULT NULL
) ENGINE=InnoDB DEFAULT CHARSET=utf8mb4 COLLATE=utf8mb4_unicode_ci;

--
-- Tablo döküm verisi `users`
--

INSERT INTO `users` (`id`, `stations_id`, `name_surname`, `email`, `contact_number`, `type`, `email_verified_at`, `position`, `password`, `activity_status`, `ban_start_date`, `ban_end_date`, `remember_token`, `deleted_at`, `created_at`, `updated_at`) VALUES
(1, NULL, 'Şıxıyev Cavid Çapar', 'admin@gmail.com', NULL, 'admin', '2024-03-12 06:43:26', 'Administrator', '$2y$12$EEwauvoTAfGuM3ECKeMIVuF16gkz6TbuDQX.58UoqTC9uNSkiNyp2', 1, NULL, NULL, NULL, NULL, '2024-03-12 06:43:26', '2024-03-12 06:43:26'),
(2, NULL, 'Şıxıyev Cavid Çapar', 'moderator@gmail.com', NULL, 'admin', '2024-03-12 06:43:26', 'Moderator', '$2y$12$GtjyEhk.5dvi1sb83kOBS.pEKcLK0mYQoTeAGsgFFfUlapDZs7Zie', 1, NULL, NULL, NULL, NULL, '2024-03-12 06:43:26', '2024-03-12 06:43:26'),
(3, 1, 'Heybətov Qoşqar Gülbala', 'qoshqar.heybatov@dri.az', NULL, 'user', '2024-03-12 06:43:27', 'Müdir', '$2y$12$HsdjKQryf/89t8fY4z/Z9OgOQsdrygBreP5ZXV.v6HPh9FP5xa5SK', 1, NULL, NULL, NULL, NULL, '2024-03-12 06:43:27', '2024-03-12 06:43:27'),
(4, 1, 'Bağırov Namiq Oktay', 'namiq.bagirov@dri.az', NULL, 'user', '2024-03-12 06:43:27', 'Böyük mühəndis', '$2y$12$FOiOjRfY/fnzH5ZzSUP9ZekTLcvhrW3CS9j/GFlenOHaDtUltdm8q', 1, NULL, NULL, NULL, NULL, '2024-03-12 06:43:27', '2024-03-12 06:43:27'),
(5, 1, 'Eynalov Mehman Telman', 'mehman.eynalov@dri.az', NULL, 'user', '2024-03-12 06:43:27', 'Aparıcı mühəndis', '$2y$12$/AOt7qyUK1UDE.jZhqNVQOLNVb2ePA8u6csN/BhLyBvay28MVMbJi', 1, NULL, NULL, NULL, NULL, '2024-03-12 06:43:27', '2024-03-12 06:43:27'),
(6, 2, 'Mirzəyev Adəm Fazil', 'adam.mirzayev@dri.az', NULL, 'user', '2024-03-12 06:43:27', 'Müdir', '$2y$12$B1MbYSmnqHN.3IL9Z7CMhuJ/WLI.7xxvTPg0hAIDnkDkTDQ8hKcYe', 1, NULL, NULL, NULL, NULL, '2024-03-12 06:43:27', '2024-03-12 06:43:27'),
(7, 2, 'İsmayılov Orxan Çingiz', 'orxan.ismayilov@dri.az', NULL, 'user', '2024-03-12 06:43:27', 'Böyük mühəndis', '$2y$12$DyOqlEsG0kd0sSn6GIVrCeXDW.1i6RoAoXDkZLLG7PMR70ar398ju', 1, NULL, NULL, NULL, NULL, '2024-03-12 06:43:27', '2024-03-12 06:43:27'),
(8, 2, 'Qaffarov Səbuhi Sabir', 'sabuhi.qaffarov@dri.az', NULL, 'user', '2024-03-12 06:43:27', 'Aparıcı mühəndis', '$2y$12$YlnbBPnoPJ5bHwpv115ZSejZqx7QcxIpC7CPzFeIaf.ufmDpLbx.6', 1, NULL, NULL, NULL, NULL, '2024-03-12 06:43:27', '2024-03-12 06:43:27'),
(9, 3, 'Qəhrəmanov Fəzail Kəmail', 'fazail.gahramanov@dri.az', NULL, 'user', '2024-03-12 06:43:28', 'Müdir', '$2y$12$vPC1PtUeM0MRv5zUd6ihPOyIcw8JiTmhrnLH97VTLCtVSqCEzPHZi', 1, NULL, NULL, NULL, NULL, '2024-03-12 06:43:28', '2024-03-12 06:43:28'),
(10, 3, 'Məmmədov Ümüd İsrail', 'umud.mammadov@dri.az', NULL, 'user', '2024-03-12 06:43:28', 'Aparıcı mühəndis', '$2y$12$SQzlxOb2OZcM31nburxfm.GHGkN174.qh0lpsROiWHFYM.rzDwzk6', 1, NULL, NULL, NULL, NULL, '2024-03-12 06:43:28', '2024-03-12 06:43:28'),
(11, 3, 'Məmmədov Qədim Məhəmməd', 'qadim.mammadov@dri.az', NULL, 'user', '2024-03-12 06:43:28', 'Aparıcı mühəndis', '$2y$12$vGKsQ88hrkR/qUigRg1Kje7R8.pU3R8rFvQPCRgIe4VTjxYaayygG', 1, NULL, NULL, NULL, NULL, '2024-03-12 06:43:28', '2024-03-12 06:43:28'),
(12, 5, 'Qurbanov Rauf Yusif', 'rauf.gurbanov@dri.az', NULL, 'user', '2024-03-12 06:43:28', 'Müdir', '$2y$12$Q/U.hZxd2OOnlQ.eYQyiAeMS9FEd4KSD/JEgVHJf6SqWEQljnCe3e', 1, NULL, NULL, NULL, NULL, '2024-03-12 06:43:28', '2024-03-12 06:43:28'),
(13, 5, 'Həsənov Məzahir Şahvələd', 'mazahir.hasanov@dri.az', NULL, 'user', '2024-03-12 06:43:28', 'Mühəndis', '$2y$12$AzQznMBBpW11a4JNLHhTl.EUi4nCiDdrNZ1tzuFJkvg7F5XQ9WugS', 1, NULL, NULL, NULL, NULL, '2024-03-12 06:43:28', '2024-03-12 06:43:28'),
(14, 6, 'Aslanov Feyruz', 'feyruz.aslanov@dri.az', NULL, 'user', '2024-03-12 06:43:28', 'Müdir', '$2y$12$qcL0oVKE2GBZ0vDXuNRmr.688aedEaRp4yjjXn1m6RZjpBjpUFzu6', 1, NULL, NULL, NULL, NULL, '2024-03-12 06:43:28', '2024-03-12 06:43:28'),
(15, 6, 'Mahmudov Rauf Rüstəm', 'rauf.mahmudov@dri.az', NULL, 'user', '2024-03-12 06:43:29', 'Aparıcı mühəndis', '$2y$12$VvWF7.hsU./DKQRVfuW8oubCozEn2RHxtT5rLlqYVzzXrMjsTSqMO', 1, NULL, NULL, NULL, NULL, '2024-03-12 06:43:29', '2024-03-12 06:43:29'),
(16, 7, 'Şirinov Elşən Nadir', 'elshan.shirinov@dri.az', NULL, 'user', '2024-03-12 06:43:29', 'Mühəndis', '$2y$12$f4HUAWgAAoYsleB0Iayatu3C13VzZAu.GnmnlJpJ/WSIu0LZnXQ3W', 1, NULL, NULL, NULL, NULL, '2024-03-12 06:43:29', '2024-03-12 06:43:29'),
(17, 7, 'İbrahimov Azər Zeynal', 'azar.ibrahimov@dri.az', NULL, 'user', '2024-03-12 06:43:29', 'Mühəndis', '$2y$12$q4emSO6vEsunP.io7xr0g.x3yQb2XbeSyBXinkzLhNnQB1EBuPdM2', 1, NULL, NULL, NULL, NULL, '2024-03-12 06:43:29', '2024-03-12 06:43:29'),
(18, 8, 'Kiçibəyov Tofiq Şixsəfa', 'tofiq.kichibayov@dri.az', NULL, 'user', '2024-03-12 06:43:29', 'Müdir', '$2y$12$82UnMVqyZip/aiwbnWjTkeUUPZux8b49dggOfo.3zJ7wBhIF7A40a', 1, NULL, NULL, NULL, NULL, '2024-03-12 06:43:29', '2024-03-12 06:43:29'),
(19, 8, 'Rəhimov Elnur Seyidəhməd', 'elnur.rahimov@dri.az', NULL, 'user', '2024-03-12 06:43:29', 'Aparıcı mühəndis', '$2y$12$jC5mJaDCOklJPowrnCZ5WOcFT0AfYZM7xsxV6XboyQsGpIo.iRlwq', 1, NULL, NULL, NULL, NULL, '2024-03-12 06:43:29', '2024-03-12 06:43:29'),
(20, 8, 'Əliyev Vüsal Hikmət', 'vusal.aliyev@dri.az', NULL, 'user', '2024-03-12 06:43:29', 'Aparıcı mühəndis', '$2y$12$e.QUVKXgrWqTTZG0Dlzx9eBrhLEbckP8hlU6HMUknsX60hAgcRQ9i', 1, NULL, NULL, NULL, NULL, '2024-03-12 06:43:29', '2024-03-12 06:43:29'),
(21, 9, 'Kərimov Hikmət Aydın', 'hikmat.karimov@dri.az', NULL, 'user', '2024-03-12 06:43:30', 'Müdir', '$2y$12$I8psMAjM0QB4vKuu6sUDAuLnNNdSrtWTzuXmf43T/JenhzPsMY0lu', 1, NULL, NULL, NULL, NULL, '2024-03-12 06:43:30', '2024-03-12 06:43:30'),
(22, 9, 'Şənmədov Ağakərim Məhəmməd', 'agakarim.shanmadov@dri.az', NULL, 'user', '2024-03-12 06:43:30', 'Aparıcı mühəndis', '$2y$12$QbqS6Uo5Ak/GBLTeL.kXpOjTsgNiDPA8KMN9xvMNwtcjNiKE1/hhq', 1, NULL, NULL, NULL, NULL, '2024-03-12 06:43:30', '2024-03-12 06:43:30'),
(23, 9, 'Ağayev Hidayət Canəli', 'hidayat.agayev@dri.az', NULL, 'user', '2024-03-12 06:43:30', 'Aparıcı mühəndis', '$2y$12$vu7NJ9/65ESlVszJqI3BoetzX1V1lAvrEq1fXdGdakNCDyI1tg.8S', 1, NULL, NULL, NULL, NULL, '2024-03-12 06:43:30', '2024-03-12 06:43:30'),
(24, 10, 'Quliyev Firudin Arif', 'firudin.quliyev@dri.az', NULL, 'user', '2024-03-12 06:43:30', 'Müdir', '$2y$12$80bfzHTCnVycGXOrrlN7d.b272h/ze/fNSbWqwYQJSXizlxQECBSy', 1, NULL, NULL, NULL, NULL, '2024-03-12 06:43:30', '2024-03-12 06:43:30'),
(25, 10, 'Xankişiyev Emil Şabəddin', 'emil.xankishiyev@dri.az', NULL, 'user', '2024-03-12 06:43:30', 'Mühəndis', '$2y$12$HKNdNKq4OyXbEWc6ZwEfFOVpDug.gQEP8LAj/zPMJf2AmLIANUxJe', 1, NULL, NULL, NULL, NULL, '2024-03-12 06:43:30', '2024-03-12 06:43:30'),
(26, 11, 'Kərimov Ağaverdi Allahverdi', 'aghaverdi.karimov@dri.az', NULL, 'user', '2024-03-12 06:43:30', 'Müdir', '$2y$12$6VHNx7Vmx4ctTNLlt422NOD2Dz/GsaTMm8uwBHHfRFKXUSbukWVaG', 1, NULL, NULL, NULL, NULL, '2024-03-12 06:43:30', '2024-03-12 06:43:30'),
(27, 11, 'Allahverdiyev Malik Allahverdi', 'malik.allahverdiyev@dri.az', NULL, 'user', '2024-03-12 06:43:31', 'Aparıcı mühəndis', '$2y$12$H3rXTH/qEoeDAyqYERtXxu4q3uArWQmBwIeAQujtBRkNL5rQ9nNve', 1, NULL, NULL, NULL, NULL, '2024-03-12 06:43:31', '2024-03-12 06:43:31'),
(28, 11, 'Ismayılov Şahid Rəhim', 'shahid.ismayilov@dri.az', NULL, 'user', '2024-03-12 06:43:31', 'Aparıcı mühəndis', '$2y$12$GIXt9OCckQd6uY3R08I.XOFbptuRjp4QlKBIV6pXEGf4RshNHYVcK', 1, NULL, NULL, NULL, NULL, '2024-03-12 06:43:31', '2024-03-12 06:43:31'),
(29, 12, 'Kərimov Ziya Arif', 'ziya.karimov@dri.az', NULL, 'user', '2024-03-12 06:43:31', 'Müdir', '$2y$12$X5MZ08y67Hg9.kT63Tvrbux09mrGqBmS0edbYL0nCllQwMfPAhXku', 1, NULL, NULL, NULL, NULL, '2024-03-12 06:43:31', '2024-03-12 06:43:31'),
(30, 12, 'Hüseynov İlham Ulduz', 'ilham.huseynov@dri.az', NULL, 'user', '2024-03-12 06:43:31', 'Mühəndis', '$2y$12$jddNTrE4eLAhDN7ICzgBoe1ifqhJmMqFTngTvVUG3nYme69Uv3cFa', 1, NULL, NULL, NULL, NULL, '2024-03-12 06:43:31', '2024-03-12 06:43:31'),
(31, 12, 'Qədirli Nicat Ələsgər', 'nicat.qadirli@dri.az', NULL, 'user', '2024-03-12 06:43:31', 'Mühəndis', '$2y$12$Hyw3Qf4kgy4Or63xkB3eI.b2MzQIq/vpYaL8hqV2.XUFGQh8vjbZu', 1, NULL, NULL, NULL, NULL, '2024-03-12 06:43:31', '2024-03-12 06:43:31');

--
-- Dökümü yapılmış tablolar için indeksler
--

--
-- Tablo için indeksler `directions`
--
ALTER TABLE `directions`
  ADD PRIMARY KEY (`id`);

--
-- Tablo için indeksler `edit_reasons`
--
ALTER TABLE `edit_reasons`
  ADD PRIMARY KEY (`id`),
  ADD KEY `edit_reasons_local_broadcasts_id_foreign` (`local_broadcasts_id`),
  ADD KEY `edit_reasons_foreign_broadcasts_id_foreign` (`foreign_broadcasts_id`);

--
-- Tablo için indeksler `failed_jobs`
--
ALTER TABLE `failed_jobs`
  ADD PRIMARY KEY (`id`),
  ADD UNIQUE KEY `failed_jobs_uuid_unique` (`uuid`);

--
-- Tablo için indeksler `foreign_broadcasts`
--
ALTER TABLE `foreign_broadcasts`
  ADD PRIMARY KEY (`id`),
  ADD KEY `foreign_broadcasts_stations_id_foreign` (`stations_id`),
  ADD KEY `foreign_broadcasts_frequencies_id_foreign` (`frequencies_id`),
  ADD KEY `foreign_broadcasts_program_names_id_foreign` (`program_names_id`),
  ADD KEY `foreign_broadcasts_directions_id_foreign` (`directions_id`),
  ADD KEY `foreign_broadcasts_program_languages_id_foreign` (`program_languages_id`),
  ADD KEY `foreign_broadcasts_program_locations_id_foreign` (`program_locations_id`);

--
-- Tablo için indeksler `frequencies`
--
ALTER TABLE `frequencies`
  ADD PRIMARY KEY (`id`),
  ADD KEY `frequencies_program_names_id_foreign` (`program_names_id`),
  ADD KEY `frequencies_directions_id_foreign` (`directions_id`),
  ADD KEY `frequencies_program_languages_id_foreign` (`program_languages_id`),
  ADD KEY `frequencies_program_locations_id_foreign` (`program_locations_id`),
  ADD KEY `frequencies_polarizations_id_foreign` (`polarizations_id`);

--
-- Tablo için indeksler `frequencies_stations`
--
ALTER TABLE `frequencies_stations`
  ADD PRIMARY KEY (`id`),
  ADD KEY `frequencies_stations_stations_id_foreign` (`stations_id`),
  ADD KEY `frequencies_stations_frequencies_id_foreign` (`frequencies_id`);

--
-- Tablo için indeksler `local_broadcasts`
--
ALTER TABLE `local_broadcasts`
  ADD PRIMARY KEY (`id`),
  ADD KEY `local_broadcasts_stations_id_foreign` (`stations_id`),
  ADD KEY `local_broadcasts_frequencies_id_foreign` (`frequencies_id`),
  ADD KEY `local_broadcasts_program_names_id_foreign` (`program_names_id`),
  ADD KEY `local_broadcasts_directions_id_foreign` (`directions_id`),
  ADD KEY `local_broadcasts_program_languages_id_foreign` (`program_languages_id`);

--
-- Tablo için indeksler `logs`
--
ALTER TABLE `logs`
  ADD PRIMARY KEY (`id`);

--
-- Tablo için indeksler `migrations`
--
ALTER TABLE `migrations`
  ADD PRIMARY KEY (`id`);

--
-- Tablo için indeksler `model_has_permissions`
--
ALTER TABLE `model_has_permissions`
  ADD PRIMARY KEY (`permission_id`,`model_id`,`model_type`),
  ADD KEY `model_has_permissions_model_id_model_type_index` (`model_id`,`model_type`);

--
-- Tablo için indeksler `model_has_roles`
--
ALTER TABLE `model_has_roles`
  ADD PRIMARY KEY (`role_id`,`model_id`,`model_type`),
  ADD KEY `model_has_roles_model_id_model_type_index` (`model_id`,`model_type`);

--
-- Tablo için indeksler `notifications`
--
ALTER TABLE `notifications`
  ADD PRIMARY KEY (`id`);

--
-- Tablo için indeksler `password_resets`
--
ALTER TABLE `password_resets`
  ADD KEY `password_resets_email_index` (`email`);

--
-- Tablo için indeksler `password_reset_tokens`
--
ALTER TABLE `password_reset_tokens`
  ADD PRIMARY KEY (`email`);

--
-- Tablo için indeksler `permissions`
--
ALTER TABLE `permissions`
  ADD PRIMARY KEY (`id`),
  ADD UNIQUE KEY `permissions_name_guard_name_unique` (`name`,`guard_name`);

--
-- Tablo için indeksler `personal_access_tokens`
--
ALTER TABLE `personal_access_tokens`
  ADD PRIMARY KEY (`id`),
  ADD UNIQUE KEY `personal_access_tokens_token_unique` (`token`),
  ADD KEY `personal_access_tokens_tokenable_type_tokenable_id_index` (`tokenable_type`,`tokenable_id`);

--
-- Tablo için indeksler `polarizations`
--
ALTER TABLE `polarizations`
  ADD PRIMARY KEY (`id`);

--
-- Tablo için indeksler `program_languages`
--
ALTER TABLE `program_languages`
  ADD PRIMARY KEY (`id`);

--
-- Tablo için indeksler `program_locations`
--
ALTER TABLE `program_locations`
  ADD PRIMARY KEY (`id`);

--
-- Tablo için indeksler `program_names`
--
ALTER TABLE `program_names`
  ADD PRIMARY KEY (`id`);

--
-- Tablo için indeksler `radio`
--
ALTER TABLE `radio`
  ADD PRIMARY KEY (`id`);

--
-- Tablo için indeksler `roles`
--
ALTER TABLE `roles`
  ADD PRIMARY KEY (`id`),
  ADD UNIQUE KEY `roles_name_guard_name_unique` (`name`,`guard_name`);

--
-- Tablo için indeksler `role_has_permissions`
--
ALTER TABLE `role_has_permissions`
  ADD PRIMARY KEY (`permission_id`,`role_id`),
  ADD KEY `role_has_permissions_role_id_foreign` (`role_id`);

--
-- Tablo için indeksler `stations`
--
ALTER TABLE `stations`
  ADD PRIMARY KEY (`id`);

--
-- Tablo için indeksler `users`
--
ALTER TABLE `users`
  ADD PRIMARY KEY (`id`),
  ADD UNIQUE KEY `users_email_unique` (`email`),
  ADD KEY `users_stations_id_foreign` (`stations_id`);

--
-- Dökümü yapılmış tablolar için AUTO_INCREMENT değeri
--

--
-- Tablo için AUTO_INCREMENT değeri `directions`
--
ALTER TABLE `directions`
  MODIFY `id` bigint(20) UNSIGNED NOT NULL AUTO_INCREMENT, AUTO_INCREMENT=9;

--
-- Tablo için AUTO_INCREMENT değeri `edit_reasons`
--
ALTER TABLE `edit_reasons`
  MODIFY `id` bigint(20) UNSIGNED NOT NULL AUTO_INCREMENT, AUTO_INCREMENT=2;

--
-- Tablo için AUTO_INCREMENT değeri `failed_jobs`
--
ALTER TABLE `failed_jobs`
  MODIFY `id` bigint(20) UNSIGNED NOT NULL AUTO_INCREMENT;

--
-- Tablo için AUTO_INCREMENT değeri `foreign_broadcasts`
--
ALTER TABLE `foreign_broadcasts`
  MODIFY `id` bigint(20) UNSIGNED NOT NULL AUTO_INCREMENT, AUTO_INCREMENT=3;

--
-- Tablo için AUTO_INCREMENT değeri `frequencies`
--
ALTER TABLE `frequencies`
  MODIFY `id` bigint(20) UNSIGNED NOT NULL AUTO_INCREMENT, AUTO_INCREMENT=466;

--
-- Tablo için AUTO_INCREMENT değeri `frequencies_stations`
--
ALTER TABLE `frequencies_stations`
  MODIFY `id` bigint(20) UNSIGNED NOT NULL AUTO_INCREMENT, AUTO_INCREMENT=466;

--
-- Tablo için AUTO_INCREMENT değeri `local_broadcasts`
--
ALTER TABLE `local_broadcasts`
  MODIFY `id` bigint(20) UNSIGNED NOT NULL AUTO_INCREMENT, AUTO_INCREMENT=3;

--
-- Tablo için AUTO_INCREMENT değeri `logs`
--
ALTER TABLE `logs`
  MODIFY `id` bigint(20) UNSIGNED NOT NULL AUTO_INCREMENT;

--
-- Tablo için AUTO_INCREMENT değeri `migrations`
--
ALTER TABLE `migrations`
  MODIFY `id` int(10) UNSIGNED NOT NULL AUTO_INCREMENT, AUTO_INCREMENT=20;

--
-- Tablo için AUTO_INCREMENT değeri `notifications`
--
ALTER TABLE `notifications`
  MODIFY `id` bigint(20) UNSIGNED NOT NULL AUTO_INCREMENT, AUTO_INCREMENT=5;

--
-- Tablo için AUTO_INCREMENT değeri `permissions`
--
ALTER TABLE `permissions`
  MODIFY `id` bigint(20) UNSIGNED NOT NULL AUTO_INCREMENT, AUTO_INCREMENT=26;

--
-- Tablo için AUTO_INCREMENT değeri `personal_access_tokens`
--
ALTER TABLE `personal_access_tokens`
  MODIFY `id` bigint(20) UNSIGNED NOT NULL AUTO_INCREMENT;

--
-- Tablo için AUTO_INCREMENT değeri `polarizations`
--
ALTER TABLE `polarizations`
  MODIFY `id` bigint(20) UNSIGNED NOT NULL AUTO_INCREMENT, AUTO_INCREMENT=3;

--
-- Tablo için AUTO_INCREMENT değeri `program_languages`
--
ALTER TABLE `program_languages`
  MODIFY `id` bigint(20) UNSIGNED NOT NULL AUTO_INCREMENT, AUTO_INCREMENT=9;

--
-- Tablo için AUTO_INCREMENT değeri `program_locations`
--
ALTER TABLE `program_locations`
  MODIFY `id` bigint(20) UNSIGNED NOT NULL AUTO_INCREMENT, AUTO_INCREMENT=36;

--
-- Tablo için AUTO_INCREMENT değeri `program_names`
--
ALTER TABLE `program_names`
  MODIFY `id` bigint(20) UNSIGNED NOT NULL AUTO_INCREMENT, AUTO_INCREMENT=68;

--
-- Tablo için AUTO_INCREMENT değeri `radio`
--
ALTER TABLE `radio`
  MODIFY `id` int(11) NOT NULL AUTO_INCREMENT, AUTO_INCREMENT=200;

--
-- Tablo için AUTO_INCREMENT değeri `roles`
--
ALTER TABLE `roles`
  MODIFY `id` bigint(20) UNSIGNED NOT NULL AUTO_INCREMENT, AUTO_INCREMENT=3;

--
-- Tablo için AUTO_INCREMENT değeri `stations`
--
ALTER TABLE `stations`
  MODIFY `id` bigint(20) UNSIGNED NOT NULL AUTO_INCREMENT, AUTO_INCREMENT=13;

--
-- Tablo için AUTO_INCREMENT değeri `users`
--
ALTER TABLE `users`
  MODIFY `id` bigint(20) UNSIGNED NOT NULL AUTO_INCREMENT, AUTO_INCREMENT=32;

--
-- Dökümü yapılmış tablolar için kısıtlamalar
--

--
-- Tablo kısıtlamaları `edit_reasons`
--
ALTER TABLE `edit_reasons`
  ADD CONSTRAINT `edit_reasons_foreign_broadcasts_id_foreign` FOREIGN KEY (`foreign_broadcasts_id`) REFERENCES `foreign_broadcasts` (`id`) ON DELETE CASCADE ON UPDATE CASCADE,
  ADD CONSTRAINT `edit_reasons_local_broadcasts_id_foreign` FOREIGN KEY (`local_broadcasts_id`) REFERENCES `local_broadcasts` (`id`) ON DELETE CASCADE ON UPDATE CASCADE;

--
-- Tablo kısıtlamaları `foreign_broadcasts`
--
ALTER TABLE `foreign_broadcasts`
  ADD CONSTRAINT `foreign_broadcasts_directions_id_foreign` FOREIGN KEY (`directions_id`) REFERENCES `directions` (`id`) ON DELETE CASCADE ON UPDATE CASCADE,
  ADD CONSTRAINT `foreign_broadcasts_frequencies_id_foreign` FOREIGN KEY (`frequencies_id`) REFERENCES `frequencies` (`id`) ON DELETE CASCADE ON UPDATE CASCADE,
  ADD CONSTRAINT `foreign_broadcasts_program_languages_id_foreign` FOREIGN KEY (`program_languages_id`) REFERENCES `program_languages` (`id`) ON DELETE CASCADE ON UPDATE CASCADE,
  ADD CONSTRAINT `foreign_broadcasts_program_locations_id_foreign` FOREIGN KEY (`program_locations_id`) REFERENCES `program_locations` (`id`) ON DELETE CASCADE ON UPDATE CASCADE,
  ADD CONSTRAINT `foreign_broadcasts_program_names_id_foreign` FOREIGN KEY (`program_names_id`) REFERENCES `program_names` (`id`) ON DELETE CASCADE ON UPDATE CASCADE,
  ADD CONSTRAINT `foreign_broadcasts_stations_id_foreign` FOREIGN KEY (`stations_id`) REFERENCES `stations` (`id`) ON DELETE CASCADE ON UPDATE CASCADE;

--
-- Tablo kısıtlamaları `frequencies`
--
ALTER TABLE `frequencies`
  ADD CONSTRAINT `frequencies_directions_id_foreign` FOREIGN KEY (`directions_id`) REFERENCES `directions` (`id`) ON DELETE CASCADE ON UPDATE CASCADE,
  ADD CONSTRAINT `frequencies_polarizations_id_foreign` FOREIGN KEY (`polarizations_id`) REFERENCES `polarizations` (`id`) ON DELETE CASCADE ON UPDATE CASCADE,
  ADD CONSTRAINT `frequencies_program_languages_id_foreign` FOREIGN KEY (`program_languages_id`) REFERENCES `program_languages` (`id`) ON DELETE CASCADE ON UPDATE CASCADE,
  ADD CONSTRAINT `frequencies_program_locations_id_foreign` FOREIGN KEY (`program_locations_id`) REFERENCES `program_locations` (`id`) ON DELETE CASCADE ON UPDATE CASCADE,
  ADD CONSTRAINT `frequencies_program_names_id_foreign` FOREIGN KEY (`program_names_id`) REFERENCES `program_names` (`id`) ON DELETE CASCADE ON UPDATE CASCADE;

--
-- Tablo kısıtlamaları `frequencies_stations`
--
ALTER TABLE `frequencies_stations`
  ADD CONSTRAINT `frequencies_stations_frequencies_id_foreign` FOREIGN KEY (`frequencies_id`) REFERENCES `frequencies` (`id`) ON DELETE CASCADE ON UPDATE CASCADE,
  ADD CONSTRAINT `frequencies_stations_stations_id_foreign` FOREIGN KEY (`stations_id`) REFERENCES `stations` (`id`) ON DELETE CASCADE ON UPDATE CASCADE;

--
-- Tablo kısıtlamaları `local_broadcasts`
--
ALTER TABLE `local_broadcasts`
  ADD CONSTRAINT `local_broadcasts_directions_id_foreign` FOREIGN KEY (`directions_id`) REFERENCES `directions` (`id`) ON DELETE CASCADE ON UPDATE CASCADE,
  ADD CONSTRAINT `local_broadcasts_frequencies_id_foreign` FOREIGN KEY (`frequencies_id`) REFERENCES `frequencies` (`id`) ON DELETE CASCADE ON UPDATE CASCADE,
  ADD CONSTRAINT `local_broadcasts_program_languages_id_foreign` FOREIGN KEY (`program_languages_id`) REFERENCES `program_languages` (`id`) ON DELETE CASCADE ON UPDATE CASCADE,
  ADD CONSTRAINT `local_broadcasts_program_names_id_foreign` FOREIGN KEY (`program_names_id`) REFERENCES `program_names` (`id`) ON DELETE CASCADE ON UPDATE CASCADE,
  ADD CONSTRAINT `local_broadcasts_stations_id_foreign` FOREIGN KEY (`stations_id`) REFERENCES `stations` (`id`) ON DELETE CASCADE ON UPDATE CASCADE;

--
-- Tablo kısıtlamaları `model_has_permissions`
--
ALTER TABLE `model_has_permissions`
  ADD CONSTRAINT `model_has_permissions_permission_id_foreign` FOREIGN KEY (`permission_id`) REFERENCES `permissions` (`id`) ON DELETE CASCADE;

--
-- Tablo kısıtlamaları `model_has_roles`
--
ALTER TABLE `model_has_roles`
  ADD CONSTRAINT `model_has_roles_role_id_foreign` FOREIGN KEY (`role_id`) REFERENCES `roles` (`id`) ON DELETE CASCADE;

--
-- Tablo kısıtlamaları `role_has_permissions`
--
ALTER TABLE `role_has_permissions`
  ADD CONSTRAINT `role_has_permissions_permission_id_foreign` FOREIGN KEY (`permission_id`) REFERENCES `permissions` (`id`) ON DELETE CASCADE,
  ADD CONSTRAINT `role_has_permissions_role_id_foreign` FOREIGN KEY (`role_id`) REFERENCES `roles` (`id`) ON DELETE CASCADE;

--
-- Tablo kısıtlamaları `users`
--
ALTER TABLE `users`
  ADD CONSTRAINT `users_stations_id_foreign` FOREIGN KEY (`stations_id`) REFERENCES `stations` (`id`) ON DELETE CASCADE ON UPDATE CASCADE;
COMMIT;

/*!40101 SET CHARACTER_SET_CLIENT=@OLD_CHARACTER_SET_CLIENT */;
/*!40101 SET CHARACTER_SET_RESULTS=@OLD_CHARACTER_SET_RESULTS */;
/*!40101 SET COLLATION_CONNECTION=@OLD_COLLATION_CONNECTION */;
